frequency,2019P144,2019T69,2019P151,2019P152,2019P146,2019P140,2019P124,2020P160,2019P125,2019P103,2020P219,2020P225,2020P185,2019P206,2019P158,2019P198,2019P148,2019P202
11.892376681614351,3.0592092668172265e-11,2.3667225436973127e-10,1.970444867481163e-09,2.4327315852603424e-10,4.953979592471633e-13,1.5620144581095973e-13,5.155084537198427e-10,4.932035820810992e-10,1.570276588443887e-10,6.779643724533108e-10,3.817200857613567e-10,7.787458343204517e-10,1.5707728772794199e-09,1.7152165310318067e-09,1.6333113817902159e-09,1.2802150635733324e-09,6.485364249128049e-13,1.7641207239807707e-10
11.838565022421525,1.4693179292122412e-10,5.378894375324413e-10,3.1279075890998708e-09,1.5313284197376273e-09,9.080058745583565e-13,2.263235057545644e-13,6.251005732995125e-10,4.532576525025193e-10,1.6554179684865e-10,1.5213179886049814e-09,3.2749839977172663e-09,8.622433549403976e-10,1.761949469856471e-09,1.5420040303774036e-09,3.935256678085264e-09,1.6839170585487222e-09,1.873333065059661e-12,2.993392880756317e-10
11.7847533632287,1.707330753640241e-10,1.0988235476658198e-09,5.721078568661986e-09,3.040113674239666e-09,8.709394880910505e-12,4.2538105571911176e-13,4.992941139612678e-10,6.382329839841521e-10,2.8927518764238934e-10,2.0796950275771468e-09,8.637705515178863e-09,3.7594807572045795e-09,3.347730957519344e-09,1.4083195031292588e-09,3.936534911653045e-09,1.517766014185607e-09,6.476189756523908e-12,8.5398979588068e-10
11.730941704035875,3.8713383027121493e-10,1.6575818922676178e-09,1.033417407644922e-08,3.9188071288776775e-09,1.152654033322249e-11,6.16446607375197e-13,1.4818345581367718e-09,6.857950892023815e-10,5.633068432161377e-10,2.0883849373998486e-09,1.8289028317825216e-08,1.1574019245543537e-08,3.0899619414885395e-09,1.2815669017739566e-09,4.969453387680549e-09,9.232146615184174e-10,1.0013943945396662e-11,1.6502993562021446e-09
11.67713004484305,3.409598630372906e-10,2.562894104951373e-09,1.0286798231783272e-08,2.979821451519267e-09,1.5177800693561788e-11,8.179075905559377e-12,3.516293133227697e-09,1.299385595594296e-09,6.59048429843595e-10,2.227896256453115e-09,2.3513096443534732e-08,3.217275246787831e-08,3.6943867128906258e-09,1.7023011237682776e-09,4.7667972702604256e-09,1.9836252393878905e-09,9.360728528124216e-12,2.0703314245612356e-09
11.623318385650224,9.442120202205244e-10,4.684416669608341e-09,7.895065650984733e-09,4.7725996292506e-09,1.1175157777852688e-11,3.7598125879341066e-11,5.812546992601364e-09,4.1911024356292205e-09,5.562789630615327e-10,1.8686689856673443e-09,2.1641199225626025e-08,5.751084536967811e-08,2.761778246289606e-09,1.6873813197895064e-09,4.5395084941082656e-09,3.7382102270014575e-09,6.951658608033245e-12,2.4548772823212545e-09
11.5695067264574,1.119873007874303e-09,1.5790307276740606e-08,7.1878725311817034e-09,1.3277005058069537e-08,4.1705455233675606e-11,4.766735432984252e-11,8.741255886159727e-09,6.947523874092796e-09,4.278273365206452e-10,1.4883880680938369e-09,1.9461346678004534e-08,5.012278836446226e-08,2.6759172556184688e-09,4.8075456243409036e-09,6.47935055153204e-09,4.4344977976098054e-09,3.4616758682155126e-12,1.8326171772214698e-09
11.515695067264575,1.399797089414035e-09,2.4286373012924528e-08,1.462401490866551e-08,2.1282056172722038e-08,6.564044504586251e-11,9.868158395517274e-11,7.768527034509915e-09,1.0136086932631187e-08,2.7138367171706714e-09,2.840261951512641e-09,2.980637405854664e-08,8.712048941424285e-08,2.7874824904188327e-09,1.0538967156110877e-08,1.4238290296577146e-08,3.9500513033836605e-09,5.8882393731894664e-12,1.906302510369604e-09
11.461883408071749,1.788221766163966e-09,2.289380281048222e-08,1.7474440495536485e-08,5.668607852426797e-08,7.811344352477912e-11,1.640334663556863e-10,1.1031724356751799e-08,1.7679163431758337e-08,4.881182911806377e-09,1.1152977748603144e-08,4.364529742626676e-08,1.4497874782499455e-07,2.5922896179162984e-09,1.555706178287449e-08,2.0507301387351287e-08,3.7089307657892597e-09,2.1201644972697694e-11,1.5400590966009046e-09
11.408071748878925,1.6926870007242154e-09,1.72158171145022e-08,1.9432986684482727e-08,1.0414830382226653e-07,4.8584758114441674e-11,2.611793484915238e-10,9.864930948497932e-09,2.121646240438023e-08,4.900026160337115e-09,2.279648741492787e-08,5.266906779087875e-08,1.7655989125898113e-07,2.0068486424566943e-09,1.7932386406031072e-08,1.7592558183513214e-08,4.884644951541765e-09,9.389974383816488e-11,1.3274713916211013e-09
11.354260089686099,2.7284103220426777e-09,1.712375680177988e-08,2.599908127497696e-08,1.2384340606093968e-07,3.4242847803175455e-11,2.2606516309725486e-10,3.0003224993962134e-08,2.590208535051336e-08,3.0103889029088696e-09,2.066256996955963e-08,5.405357686801902e-08,1.4612719314293586e-07,7.180958620519135e-09,1.5884990708099738e-08,1.0105193124719777e-08,4.640497675764521e-09,1.5428418577632104e-10,6.630862869383218e-09
11.300448430493274,2.129286132075506e-09,1.6025158471286915e-08,5.622716236500559e-08,9.988556820292904e-08,8.896891548684442e-11,3.1077268761781775e-10,3.0973888899216385e-08,2.390136918438277e-08,3.4070368110739e-09,1.2816544257148094e-08,6.133675857165365e-08,7.50210527206388e-08,7.886429736002168e-09,1.3947804684196125e-08,1.0032245527517988e-08,8.83565210081436e-09,1.457544864729346e-10,9.69822412423785e-09
11.24663677130045,2.256010594909273e-09,1.3503309398906943e-08,5.502320185729749e-08,6.175063269649612e-08,7.65746793406585e-10,4.11045676252267e-10,5.176499851802126e-08,1.8995021671631137e-08,5.653061941278742e-09,4.541399270182863e-09,7.456217048983061e-08,3.090468797266482e-07,9.184469400553353e-09,9.348823538602294e-09,1.0274337061985803e-08,6.593796939142622e-09,1.1542586605335805e-10,9.647305984491198e-09
11.192825112107624,1.5436068184512773e-09,7.639019575578797e-09,4.7558703012370013e-08,6.371548952614774e-08,1.169558449356932e-09,4.3977332306908474e-10,3.349262376781329e-08,1.8136879558624486e-08,5.948743662771543e-09,4.698252047532586e-09,6.187737699403318e-08,6.090379108626515e-07,3.3275977654095477e-09,1.238946226087671e-08,8.553928113169452e-09,1.9684080530322787e-08,1.5542729809277462e-10,9.803232878394542e-09
11.1390134529148,3.6697172647941004e-09,2.8547839762939066e-08,1.7345289103563446e-08,7.15859543961823e-08,1.4401744304895285e-09,5.001311848888798e-10,3.3844094330302224e-08,1.2934755046342242e-08,6.4623759928759245e-09,5.37325272064236e-09,3.7417376951227566e-08,8.869417505151922e-07,2.406395491738607e-09,2.1355654376675226e-08,1.5226030970734446e-08,2.3962634454947438e-08,1.9461537658092288e-10,2.3585433244297148e-08
11.085201793721973,6.500777182352248e-09,3.7724945648191686e-08,2.7057177243891053e-08,5.279125219883081e-08,8.792164086915656e-10,3.889949290020049e-10,2.9551131151973857e-08,2.945611819899693e-08,6.209700773833149e-09,4.787503962890564e-09,1.1983045353354036e-08,9.12411063329797e-07,2.469834539461727e-09,4.8640154277496954e-08,1.8463876924598837e-08,2.4908931873890363e-08,2.6323378215281495e-10,2.6739378833219743e-08
11.031390134529149,1.3592709360140444e-08,3.895273586387108e-08,6.287113476262783e-08,7.402896104122545e-08,1.979758872905232e-09,3.9705904307706875e-10,6.063816612748109e-08,4.243623996311925e-08,7.803620117679495e-09,4.499062030860636e-09,5.547460723028524e-09,7.030709798763562e-07,7.33548356879135e-09,8.722730637041151e-08,2.3232493568042848e-08,1.2209650610560298e-08,2.566659980223331e-10,2.326605709679646e-08
10.977578475336323,2.458256889887332e-08,4.604501411861525e-08,6.412352283653335e-08,9.213546316734534e-08,1.9207860751701733e-09,3.0456591172817235e-10,9.324640043501571e-08,4.6462660564508345e-08,1.4868705776937177e-08,7.379332887064616e-09,7.468552556401785e-09,6.924816758179031e-07,2.3798882549376476e-08,1.0654673462474093e-07,5.575714369582635e-08,9.21365738785077e-09,8.255466879383e-10,5.79734188743662e-09
10.923766816143498,3.429778824998787e-08,5.728167571245088e-08,7.703650601184753e-08,1.5533597404034438e-07,3.3448487802326355e-09,6.888943116833235e-10,1.0315157814659163e-07,3.3455624554078156e-08,2.8983007186206526e-08,4.5717648461713315e-09,9.248182420311784e-09,8.499101715220813e-07,3.0668381785739644e-08,8.387976325188319e-08,2.0524897617808815e-07,3.3389504072526135e-08,7.528557016058715e-10,1.719720806681319e-08
10.869955156950674,6.800806183480667e-08,7.149356942408196e-08,7.304475610248701e-08,2.771009520125046e-07,2.5289053356076586e-09,1.828955069774011e-09,8.417050099380959e-08,2.5696094535351806e-08,3.748700519671158e-08,2.2407817482638585e-08,3.298648719651815e-08,1.07153978362707e-06,3.274735953037834e-08,5.3127019846084025e-08,3.3035177559862944e-07,4.7731383942465667e-08,1.130668982958254e-09,6.400957894510185e-08
10.816143497757848,7.179271922145856e-08,4.7207378562959096e-08,1.0481890150910876e-07,3.212203086143748e-07,2.7764317117062115e-09,2.2019160110720348e-09,5.878516788445635e-08,4.955433613533624e-08,2.9795645322949294e-08,4.710506507598946e-08,5.1339037615954474e-08,1.2232781307839443e-06,2.750183945588433e-08,6.474166715224218e-08,3.286972663457658e-07,4.281500541627713e-08,1.6920856556111066e-09,8.721657784038029e-08
10.762331838565023,1.3348766218186878e-07,3.063563851516048e-08,1.370059056839423e-07,3.294526346881289e-07,1.4018455872432232e-09,1.806391402603537e-09,9.357002433114449e-08,8.439114468225858e-08,2.0581118727999952e-08,6.346077487940697e-08,5.515694995298326e-08,1.204893477616031e-06,1.960971561920787e-08,7.937152456278252e-08,1.9630450344583905e-07,3.037207033851086e-08,5.433284079662032e-09,7.374033680609396e-08
10.708520179372197,1.7148320798790957e-07,1.4426875050566999e-08,1.0302230933098919e-07,1.7606970660660562e-07,2.804057094254228e-09,1.3013604929624087e-09,1.2506568557067586e-07,1.2460762996359866e-07,1.5867570806192716e-08,1.542143597075128e-07,4.2778020566683915e-08,1.0277081112084072e-06,1.886157473687067e-08,8.624937385244252e-08,6.822758882465151e-08,2.841213188699413e-08,5.5451072032144235e-09,2.4880024518361737e-08
10.654708520179373,2.4993370735554347e-07,9.396670933318406e-08,2.139032765674064e-07,2.1218760878758603e-07,4.22841718292281e-09,1.0017474807779097e-09,1.1886892724314507e-07,1.9548813133340247e-07,1.584632156606344e-08,1.7952972703544887e-07,2.2490632046881528e-08,8.085354631924935e-07,4.3510120740784445e-08,6.525857362580073e-08,6.03319921788612e-08,4.3299924690754806e-08,6.13693856937414e-09,3.919597758408179e-08
10.600896860986548,2.723221296922373e-07,1.8768748220246235e-07,3.0098610302910087e-07,1.9109070980356724e-07,8.554540017294529e-09,1.1520652809915739e-09,7.061251291935573e-08,2.2107454160262491e-07,1.7067940825349643e-08,1.722887159562564e-07,3.1178454964202375e-08,6.916872475656846e-07,4.3834284875596816e-08,5.387768671734685e-08,5.941443113106748e-08,4.5867531854244854e-08,2.9161459242725787e-09,1.3554531573043184e-07
10.547085201793722,3.077718118783226e-07,2.3494908456592824e-07,3.2770629425453135e-07,2.0095454852328239e-07,9.281645687170142e-09,8.935088175665696e-10,3.148381739776318e-08,1.7694320703443568e-07,1.733000413787555e-08,6.654203100819222e-08,4.8926363211719125e-08,1.3831949924238462e-06,5.545286649207768e-08,5.5157289079178494e-08,8.421580138205078e-08,4.796641585674303e-08,7.647102506100843e-09,1.893985919861239e-07
10.493273542600898,3.5404112468433524e-07,2.2786209396825596e-07,2.516062370913029e-07,2.792389380447945e-07,9.391142927148733e-09,1.7788469771159069e-09,1.5793609890811054e-07,8.69871176805221e-08,1.5387774804069596e-08,3.741257352286639e-08,9.569880779664831e-08,2.5161235197749253e-06,5.1222941529477886e-08,5.4111301866386996e-08,6.829292423094256e-08,3.646079172079979e-08,7.375621156077341e-09,1.6498140805768142e-07
10.439461883408072,3.78307899599195e-07,2.381797511857417e-07,1.9978127725119575e-07,4.696658408075844e-07,2.0621768388637993e-08,2.3115973135589462e-09,1.6420779134923962e-07,5.679454424694693e-08,9.234205032942194e-09,6.677254951861569e-08,8.548068217460731e-08,3.507603229194684e-06,5.624375961008121e-08,6.544846587923928e-08,6.475268164574019e-08,3.582508972703147e-08,6.937665738303631e-09,9.377056500040803e-08
10.385650224215247,3.8874143536202166e-07,2.962525416753424e-07,1.717373348241963e-07,6.591402149105576e-07,2.4588503094358507e-08,3.753356994467515e-09,1.68341202987644e-07,6.275517363974699e-08,4.6809103770832716e-09,1.7101204377435444e-07,1.3640602601144167e-07,3.3455143438527005e-06,1.0299123268344371e-07,9.152686371276318e-08,4.041052200121711e-08,2.9027752387697277e-08,1.7880509077225809e-09,9.142596952699565e-08
10.331838565022423,2.755545866220525e-07,2.2390577159176862e-07,1.1154698714976497e-07,6.190126545104003e-07,3.0599341749042314e-08,5.7232531798494856e-09,8.361347471000902e-08,5.211311525013469e-08,1.138150153341038e-08,1.6542052033574966e-07,1.6167536841656888e-07,2.3183427608102895e-06,1.5486743186100283e-07,1.222151512855537e-07,2.6193967996016152e-08,5.838254893673776e-08,7.177521564766432e-10,1.0528637928149106e-07
10.278026905829597,2.3019250058297502e-07,1.423121230990434e-07,3.544282595449872e-08,6.159443242187884e-07,2.0322818068113755e-08,4.957463989146641e-09,1.8652934299894398e-07,2.5649647592034626e-08,4.7095110397181665e-08,2.2344598163906594e-07,1.6506358020841292e-07,1.024780967874651e-06,1.8040136684292132e-07,1.0176712881698959e-07,1.248794123907472e-08,8.329092068658188e-08,1.8066591800314805e-09,2.0761561788062454e-07
10.224215246636772,1.573767491773842e-07,6.07241741950206e-08,7.82149802527701e-08,5.136052398989807e-07,3.153315054294089e-08,3.6315080803460747e-09,2.0790451728070786e-07,1.3056994421300363e-08,8.368091951917996e-08,2.572934840541228e-07,2.3723655314385114e-07,6.329961255748743e-07,1.472542302611533e-07,7.351410973424809e-08,1.0083915422137976e-07,7.872222462872631e-08,3.1432860565416385e-09,2.5289108735890454e-07
10.170403587443946,2.2877607431629577e-07,6.643593995137332e-08,7.538975752004724e-08,3.741027539664878e-07,2.453689488117448e-08,4.0976838375972455e-09,1.5928103817300472e-07,2.9884528309287815e-08,1.0299869391630683e-07,3.0699359038285214e-07,3.808508946949277e-07,1.3701693183421002e-06,1.1401401850272827e-07,2.3556774016875313e-08,1.416539358808849e-07,4.3953234688581927e-08,6.732836419660687e-09,2.617070281002518e-07
10.116591928251122,3.45254471098357e-07,6.046067356500044e-08,5.895684641348719e-08,1.4927733300345982e-07,3.0382652077605135e-08,8.930993335955404e-09,2.2513697994238502e-07,1.491985812566735e-07,7.0171827730474e-08,2.6267216635886534e-07,6.087054473295246e-07,2.0578829679464005e-06,1.050977559941113e-07,2.6383961349426026e-08,1.486123468245852e-07,5.6364058085121686e-09,8.499237448755635e-09,3.06548439892232e-07
10.062780269058296,4.409397823647109e-07,8.122451940911105e-08,3.343983208644745e-08,8.30478594960928e-08,2.1930823618378583e-08,9.273817384763623e-09,4.628866565536341e-07,3.9453075188964934e-07,3.852070983305029e-08,3.1620883850696914e-07,9.458443460641878e-07,2.1730148760233666e-06,1.5488986679538013e-07,3.427505886100773e-08,1.3632342784854483e-07,2.0560628477134653e-09,9.385708447604324e-09,4.329472499898333e-07
10.008968609865471,4.2390903344885147e-07,8.921573382881874e-08,1.2112818614711108e-07,2.883337599152789e-07,2.541975244870311e-08,5.990228320756601e-09,5.792660012349219e-07,5.706967991621488e-07,2.9263102380904984e-08,3.398193515396794e-07,1.5116267570081472e-06,1.578168734551957e-06,1.1841424042856212e-07,8.76940585083724e-08,2.2382988143221172e-07,2.2038918848145667e-08,1.0583079563455224e-08,4.5070347644867207e-07
9.955156950672647,3.551512816978424e-07,7.824724703134778e-08,4.2510894099267634e-07,3.779179216763839e-07,1.556237312911342e-08,2.883216335988115e-09,5.120188543195902e-07,4.87120672807991e-07,8.096271370721066e-08,3.1126286642335354e-07,2.341848638050064e-06,8.806940932475916e-07,1.0935375256447094e-07,8.55525471218276e-08,3.273297977505755e-07,1.278797158894231e-07,1.0879543670251563e-08,2.7789464169244674e-07
9.90134529147982,5.727444849902051e-07,5.029685751120784e-08,1.3068541869963932e-06,3.6395372361980395e-07,1.0833622722286712e-08,4.173907964826243e-09,2.958998298715402e-07,3.406929876122268e-07,7.582613696744798e-08,1.4951105187836157e-07,2.7746670491125488e-06,5.46625384487554e-07,5.3746357645736515e-08,9.637746570277814e-08,3.027175768680915e-07,1.6319435900768627e-07,1.3379600170463152e-08,6.984513908792076e-08
9.847533632286996,8.570710517402062e-07,1.2063539295317122e-07,1.79630129805226e-06,3.355154479908961e-07,1.2862805191879222e-08,1.224251932218204e-08,1.9193980158766646e-07,1.6575004672024897e-07,6.500157457497526e-08,1.6986559554477433e-07,2.191967408620825e-06,9.814455368082906e-08,6.426988578461318e-08,5.343028731663844e-08,1.6917985826241398e-07,1.523657172896554e-07,9.864824343637744e-09,4.3012439634031087e-08
9.79372197309417,8.208694361742539e-07,2.0965919333340289e-07,1.6631122260297075e-06,3.792127577740216e-07,1.2453807167397384e-08,2.8563484270947534e-08,1.0259189296400783e-07,2.2276968057227609e-07,9.926640081814867e-08,1.5864049780731367e-07,1.2173796062604888e-06,4.377357128978348e-07,8.180370643834322e-08,6.457965989113248e-08,8.844142602823621e-08,5.858975837661894e-08,8.2385301971097e-09,1.5176458985921847e-07
9.739910313901346,5.956991218262803e-07,2.0493806012296947e-07,8.498479096016572e-07,3.5794296431102964e-07,2.4071911093201315e-08,3.534018276838368e-08,7.541020841477872e-08,2.6546947778125217e-07,1.4661102727873023e-07,3.3912176498392785e-07,5.671521937835479e-07,1.4326575124127565e-06,1.4768462519572362e-07,1.0912103184065964e-07,3.9567783434786916e-08,8.544547737759361e-08,1.1177425474791823e-08,3.4127508709991475e-07
9.686098654708521,4.6433590188143116e-07,1.1994106879741573e-07,2.659791815874249e-07,1.9574075627205822e-07,5.334243598551434e-08,2.7313880335863685e-08,1.2300422316945616e-07,2.6462472559499717e-07,1.5081771302926654e-07,4.5816988500387643e-07,8.047697188961198e-07,1.7276735975104263e-06,2.513004986796281e-07,3.587270163714109e-07,7.051171534600887e-08,2.0382105973539603e-07,1.0753778677936475e-08,4.02103089250505e-07
9.632286995515695,8.520759472540729e-07,6.641715584947215e-08,1.2274925734215934e-07,8.240063590573279e-08,8.244055726955497e-08,1.1510091853383078e-08,1.5600820007662553e-07,2.5334352338553587e-07,7.370690995083685e-08,4.6293117752329363e-07,1.04053485282442e-06,1.53861322002149e-06,3.0928776288820237e-07,3.930097631845263e-07,7.645881086558562e-08,2.473023844324676e-07,1.5485337537812616e-08,3.4376922519287534e-07
9.578475336322871,7.979054754103094e-07,3.1166417291307835e-07,2.222017179489989e-07,2.0394062131239474e-07,7.400291651016091e-08,5.8610383881072895e-09,1.578970907268749e-07,4.3944077685573116e-07,4.496461976172334e-08,3.0560114019312313e-07,1.461083493468601e-06,7.682269210834834e-07,2.785240535685941e-07,5.771488465829113e-07,9.024805856874647e-08,2.0491677077838915e-07,8.609356159288087e-09,1.9762069445941412e-07
9.524663677130045,9.498638909762432e-07,5.854162163494409e-07,3.9279957233920663e-07,5.820255035513046e-07,5.990595679192274e-08,2.1156725418909584e-08,1.9299164740563815e-07,7.888257681102043e-07,6.320403839803457e-08,1.52095056852903e-07,3.4688051543132163e-06,7.432196346334363e-07,2.253449971230565e-07,5.009393966345689e-07,8.403400795426749e-08,2.626327048321351e-07,1.3283721931910114e-08,1.2889371578018483e-07
9.47085201793722,7.476099069298086e-07,6.624172630009627e-07,3.9824194484223626e-07,6.696321719821319e-07,4.5321961631552065e-08,3.166058188099933e-08,2.1202423264416023e-07,9.34094680444462e-07,7.168038021778274e-08,5.310404023050296e-07,5.602228663738843e-06,1.5283931610463805e-06,1.503580028298485e-07,4.854227736969668e-07,2.2917872340383115e-07,3.1669597114890386e-07,1.4118494245566991e-08,1.0883267853101261e-07
9.417040358744394,1.2242110100287735e-06,4.887936625789668e-07,3.621163632077556e-07,9.212453427754166e-07,5.036149130356852e-08,3.432667128272387e-08,2.5332875107933e-07,8.69861351975164e-07,7.301024723678835e-08,7.307507582038961e-07,6.131771876280136e-06,4.7257358911010775e-06,1.522210132228433e-07,2.41323737273269e-07,3.2030978443323946e-07,3.0742592585244303e-07,2.990632030159033e-08,7.869543693947812e-08
9.36322869955157,1.6233819496484366e-06,2.77680201282135e-07,3.996369255862198e-07,6.325519836068793e-07,4.524208736724145e-08,3.127017984794089e-08,2.1355887751261747e-07,9.308415248800477e-07,1.1141166510677353e-07,6.938618084885548e-07,3.870059097602117e-06,4.791540662010003e-06,1.4224293833128144e-07,2.137643428608815e-07,3.22672075329098e-07,1.3095906951556425e-07,4.192954542514952e-08,8.424225173436271e-08
9.309417040358746,2.0682494276456536e-06,1.9003750262130247e-07,1.10374606130395e-06,6.641431078127123e-07,8.675069719433104e-08,4.620558402630402e-08,2.0459976185483457e-07,1.175243349615002e-06,1.2124314879878132e-07,6.228545807386405e-07,1.4820588913762427e-06,4.252597118334661e-06,1.835027746421849e-07,8.116165029774431e-07,1.4316826562400955e-07,8.093044197911526e-08,4.107936212173353e-08,6.578423572870112e-08
9.25560538116592,2.0653883665159092e-06,1.9804204949304918e-07,1.783386038198704e-06,3.908183340383735e-07,1.2486545307328423e-07,4.6172786367857856e-08,1.6470951416826085e-07,1.2439407532135482e-06,1.8888378610400842e-07,5.204659314774592e-07,8.776557612285892e-07,1.0491012473013873e-06,1.7064092393393258e-07,1.033327375877726e-06,7.657834411561866e-08,1.3592251087327632e-07,5.861781372078982e-08,1.4648336803583747e-07
9.201793721973095,2.663861328999809e-06,2.419838312969796e-07,1.895730275833893e-06,3.904882916882628e-07,1.2788956700618798e-07,3.556273283315849e-08,1.9098933467517646e-07,8.959356688917797e-07,2.5842821554861096e-07,5.091653708178469e-07,2.2206586691471797e-06,1.3948913931370931e-06,1.4597550343631756e-07,9.179892306305244e-07,2.0521743475003446e-07,1.676044849517233e-07,5.980812142588642e-08,1.5944011159012347e-07
9.147982062780269,3.2003271898479883e-06,4.319459477391793e-07,1.3557669462515785e-06,3.543431476787921e-07,8.24640727441335e-08,7.975693745307784e-09,3.149272952509198e-07,6.683946425235254e-07,4.746253114012865e-07,1.949933063018819e-07,3.523571838427468e-06,1.2150661661968855e-06,1.984917439865575e-07,5.204784884264964e-07,7.402299516453519e-07,1.5012475311819686e-07,9.034587107140435e-08,2.4278397147163955e-07
9.094170403587444,3.3247201316240003e-06,5.082557373964888e-07,7.91539171040355e-07,3.085843216614302e-07,5.2925462739051256e-08,2.1364115535000722e-08,4.50842708127395e-07,1.2444989527836996e-06,4.4454693053234234e-07,1.8190888082836342e-07,3.876139548866806e-06,2.4252314279251436e-06,2.4716071723270145e-07,4.800526270784007e-07,9.150149783227884e-07,9.147187116534542e-08,6.009873651256507e-08,6.633181145021465e-07
9.04035874439462,3.071169361329617e-06,4.096531076567991e-07,8.551006949113195e-07,1.3916854012876744e-06,3.919165251915674e-08,3.176534679837851e-08,4.193624547041234e-07,1.8038705412152238e-06,3.164127089900081e-07,2.1015089552431186e-07,3.5550443176740663e-06,4.2299103982938355e-06,2.6469127647163344e-07,5.558255525103765e-07,9.396194853833856e-07,5.561327527563896e-08,8.430539362294204e-08,1.07213012516785e-06
8.986547085201794,2.6126929228113863e-06,1.959949688446062e-07,1.3393762272932097e-06,1.9068913425698377e-06,4.4470590602993646e-08,3.929734786345924e-08,2.509805680271903e-07,1.9618123061597123e-06,8.99429873623382e-08,1.1639198399727666e-06,2.93219732823557e-06,5.997663745448777e-06,1.8485498259929128e-07,8.942054127933552e-07,5.038407642678439e-07,7.16308169213354e-08,5.352856328805568e-08,1.1338195865914576e-06
8.93273542600897,3.5534982060924706e-06,2.3163781319743542e-07,1.5192106606280856e-06,1.9451010929660076e-06,1.6830732361407393e-07,4.3072183140754806e-08,3.2978619782227376e-07,1.5615412284371732e-06,7.043361912269795e-08,2.1538577847829024e-06,2.2310001651958526e-06,7.2457346747365995e-06,1.726981203964391e-07,1.202936841695495e-06,6.100261776768447e-07,1.4907216450275885e-07,6.090632620783002e-08,1.2102300283959783e-06
8.878923766816143,4.184261656513277e-06,6.058724055374247e-07,1.5458638707015634e-06,1.021254427466325e-06,2.6095291922327886e-07,1.0505563449989331e-07,1.135218189526219e-06,1.2040265518808722e-06,1.1476284089807557e-07,2.5065747648784043e-06,1.7156950568939937e-06,8.462338942112713e-06,1.2156725154490157e-07,1.6545086979153365e-06,4.4009675212026486e-07,3.326224314032672e-07,2.8038608710807015e-08,1.1867521310031e-06
8.825112107623319,5.42055486693267e-06,6.317355734631046e-07,9.256127892820134e-07,6.292689131385425e-07,3.3784728359702383e-07,1.7161617743120642e-07,1.5505718915057583e-06,8.602212820674966e-07,1.8997878379510267e-07,1.6931382787119012e-06,1.6729109838241076e-06,1.090697500076138e-05,1.5508711748458304e-07,1.2004560121779054e-06,7.182104768473962e-07,6.638868826753202e-07,5.391268793861898e-08,1.125925262951759e-06
8.771300448430493,7.40136909222808e-06,6.026444068192529e-07,6.852707004068915e-07,1.20419501976553e-06,3.144277351706332e-07,1.647635541962953e-07,1.4052329174965423e-06,7.384893931437167e-07,1.7833687859063348e-07,5.964344032972447e-07,2.281459540376301e-06,9.594855369853469e-06,1.336753673842254e-07,7.011832084797493e-07,9.186808913550563e-07,8.446846041124409e-07,6.214475953475755e-08,1.2855042895484314e-06
8.717488789237668,1.0454416358222935e-05,3.218153888566085e-07,5.89826324202832e-07,1.363407426601993e-06,3.2637558352963414e-07,9.268079663324651e-08,7.770091163077485e-07,1.1058444866607233e-06,1.3921618257248584e-07,2.102417968266877e-07,2.7043669510195546e-06,1.0033610164999767e-05,6.315729855014006e-07,1.91688545074728e-07,1.2964536128948673e-06,7.226560148175149e-07,9.572537637400023e-08,1.7576886044239216e-06
8.663677130044844,1.43970065000457e-05,6.159049299981797e-07,5.862856511857633e-07,1.2351530488217255e-06,3.853157430091452e-07,2.282075181976141e-08,6.82387374668288e-07,1.5494869713508853e-06,4.2515350355661974e-08,1.0312787644641831e-07,3.0001344148404413e-06,7.503090498001943e-06,1.0993298429857836e-06,1.2135528411022513e-07,9.936931290640953e-07,4.167135969931888e-07,9.43431026889635e-08,2.2643146693978813e-06
8.609865470852018,1.581043838794676e-05,5.366072677662401e-07,1.1892857745181852e-06,5.672922225803498e-07,4.758628773248437e-07,6.651282202092915e-08,1.0837362554835402e-06,1.6481438665843026e-06,4.2014296516767e-08,6.658987622782511e-07,3.2544847743295983e-06,7.3598394890247e-06,1.0595513855879568e-06,3.917729200533661e-07,6.064188742811785e-07,2.385560124183701e-07,9.779253770334417e-08,1.6934765456109103e-06
8.556053811659194,1.906652814250645e-05,4.6499094890886723e-07,1.323957547959794e-06,1.3765592880806004e-07,1.0036757533008094e-06,2.069212799853926e-07,8.725031864712323e-07,1.413998649886163e-06,5.2103109430131846e-08,6.739832341011096e-07,2.4167078015071766e-06,4.39399013983366e-06,6.097692651878557e-07,6.218047858958747e-07,6.845391277267081e-07,1.8025753435455762e-07,8.467118028115182e-08,1.0879217710964185e-06
8.502242152466367,2.2850025986187614e-05,2.987155893194654e-07,1.7669292153535068e-06,1.6667648868308882e-07,1.014672123378224e-06,2.3070245002167474e-07,5.768865633058551e-07,1.2759256377094687e-06,1.0627340962495215e-07,1.2854938261415486e-06,1.532793496016862e-06,2.5763283444225167e-06,1.0279181945436757e-07,6.865072167541281e-07,8.350933778875369e-07,1.9235709201878173e-07,1.0470344137849197e-07,5.070652625024119e-07
8.448430493273543,2.690544977574892e-05,7.249609279607921e-07,1.7875280748229084e-06,1.013071264549098e-06,1.0375497426850771e-06,1.7697035931783996e-07,6.742105896145061e-07,1.0609124116865364e-06,9.296860234166453e-08,7.108559704564475e-07,6.655725363710369e-07,1.4755804366856605e-06,3.508265470337797e-07,4.3006048808634447e-07,7.391969953047318e-07,5.8541895844242e-07,1.265176497160889e-07,4.4679102252522866e-07
8.394618834080719,2.5564538979641176e-05,8.207023509680982e-07,1.6119798705690548e-06,1.7432352095766522e-06,5.568986712595248e-07,1.1421542460327026e-07,1.1733847848459832e-06,7.118746405608721e-07,9.640967392928042e-08,7.039503635029632e-07,1.0242775896215964e-06,2.5173141869723502e-06,6.359344348714486e-07,5.17715363776862e-07,4.890175134200279e-07,9.820544703869586e-07,1.4115514164089994e-07,2.479339870472276e-07
8.340807174887892,2.26503609979977e-05,7.055496781366871e-07,1.3472241796217278e-06,1.8609298499426016e-06,5.597983181521963e-07,1.7956980753793628e-07,1.7279501678123274e-06,3.8399046702505305e-07,2.4461928360688865e-07,6.157695372674004e-07,1.5934112021800788e-06,4.607680682506879e-06,6.918777507367663e-07,9.770476893585198e-07,3.9976368253013107e-07,1.0448918823368078e-06,9.131877883519542e-08,2.554845239045695e-07
8.286995515695068,2.0875777149719092e-05,2.595623901440765e-07,5.9805638875225e-07,2.703643378429692e-06,3.6202832533878727e-07,2.2794824580763272e-07,1.1730955048892624e-06,1.3821228096371973e-07,4.748472838978911e-07,1.1122658535485845e-06,4.597452115289619e-06,4.73526024379045e-06,1.0094605462653952e-06,2.0253977049195456e-06,6.049096986141088e-07,6.137317218989666e-07,1.0272226759706396e-07,3.704170916128924e-07
8.233183856502242,1.987256232381658e-05,1.8702242513497618e-07,5.015087880654825e-07,4.1628885690700495e-06,4.735427457332086e-07,2.957600685879823e-07,1.4671029208761521e-06,2.0677125697953603e-07,4.5093460994397425e-07,1.0907075728627074e-06,9.1567083470679e-06,4.552346929439151e-06,1.8510985917674074e-06,2.4901261720664812e-06,4.671266619634407e-07,2.3014838907468632e-07,6.22015969890939e-08,6.785007997186832e-07
8.179372197309418,1.696870199227797e-05,6.21810195955776e-07,7.635002452264073e-07,4.276862133445095e-06,3.164874182018903e-07,2.5575561561588934e-07,1.4274295351611607e-06,5.275659240017643e-07,2.620633211287745e-07,1.5672554821942874e-06,1.1557859920402563e-05,1.3134707616050434e-05,2.070567806714939e-06,2.300308967478951e-06,3.875443007315374e-07,3.8321719538966803e-07,8.718279246803309e-08,7.735053454928592e-07
8.125560538116593,1.1072738750497202e-05,6.739944245020648e-07,8.642515436306132e-07,2.72898676307998e-06,3.670752669632539e-07,2.5149482743654175e-07,2.029657720849877e-06,5.721911266051426e-07,1.6998336532426075e-07,3.206299241540255e-06,1.0216966961944479e-05,2.9105389335542863e-05,1.6481640191942312e-06,1.5348522267713269e-06,3.9620950216172497e-07,6.095321592787549e-07,8.12417755298875e-08,6.082095446191451e-07
8.071748878923767,5.6728825877633766e-06,1.029879949042646e-06,8.670129645066469e-07,2.233139023755323e-06,1.589826062399188e-07,5.593663013797208e-07,1.9472842510750007e-06,8.896956966467419e-07,2.973316458121399e-07,3.755578663495345e-06,7.162780034015779e-06,3.221867464166657e-05,8.406928904092916e-07,7.476490159496948e-07,1.0839961923405567e-06,7.10864258512606e-07,8.643608071861044e-08,1.2691223056557284e-06
8.017937219730943,1.977904871690133e-06,1.0246227069398084e-06,5.149478704013743e-07,4.023211973863569e-06,2.869108963109919e-07,8.379082785417335e-07,2.0264478254025104e-06,1.2563481594401455e-06,4.6643504109720185e-07,3.0221773643019775e-06,6.044347997778252e-06,2.157849681415323e-05,8.307907330139236e-07,4.80951961764998e-07,1.9061178627213507e-06,6.617636937980531e-07,8.499516076895002e-08,1.8989829890936494e-06
7.964125560538117,2.212674111342431e-06,9.054964639872715e-07,9.877317336069087e-07,7.525892090803618e-06,2.9097605678143974e-07,8.465692842275071e-07,1.905420313931744e-06,1.8654536644674593e-06,5.405236741835578e-07,1.2648648288962338e-06,6.599182340557759e-06,9.168789316516942e-06,7.922493315500325e-07,2.7913843902093775e-07,1.9162835833005722e-06,6.39743409765727e-07,4.699971004262244e-08,1.942844502032237e-06
7.910313901345292,2.3959252587729804e-06,9.887386464666054e-07,1.5264022207918855e-06,7.5368662018571765e-06,5.339806410398811e-07,5.850421513925711e-07,1.3465365651760381e-06,2.4719117837682746e-06,4.215323821330691e-07,8.882794697469021e-07,8.660433775077156e-06,1.6319315632555768e-05,5.232210884449154e-07,2.9260796734885566e-07,1.3248009284487549e-06,6.452992037362583e-07,2.0336374433536106e-07,1.5088661187176184e-06
7.856502242152467,3.3205663603170215e-06,5.183260350994669e-07,1.6591097239373266e-06,5.994141827761422e-06,5.804973175595318e-07,3.1304382762498804e-07,7.765175527691716e-07,2.4938994106974623e-06,2.403641797244914e-07,1.3523673950375127e-06,1.4902079941950667e-05,3.162310328187153e-05,4.663295948327909e-07,3.221671198058079e-07,7.530863081652648e-07,5.202598982381266e-07,4.817458510663427e-07,9.84092502503428e-07
7.802690582959642,6.469215058618665e-06,5.856782682210616e-07,1.5906120490973142e-06,2.8905795947638723e-06,6.881037631918456e-07,3.407728115041232e-07,3.143554014185843e-07,2.337144583827087e-06,7.836687551788563e-08,2.4572601354247494e-06,1.8663760348405857e-05,3.5395342108146786e-05,3.796450597071044e-07,6.008351338300066e-07,8.151403767518153e-07,4.110843718196463e-07,5.12971114167664e-07,1.56875395843307e-06
7.748878923766816,1.150253250316634e-05,2.0320398512945898e-07,2.991711897726866e-06,1.906102279438414e-06,4.452832520222713e-07,3.7285253299576095e-07,2.0690311355159092e-07,1.7170046657344836e-06,2.332866409441779e-07,2.843977700744888e-06,1.889017804090548e-05,2.3916231081024666e-05,9.918224455093734e-07,1.0741219550121917e-06,1.0838137066383688e-06,4.881984560714594e-07,3.7981438901845483e-07,1.595233787221228e-06
7.695067264573991,1.187503023345214e-05,8.481490148874589e-07,3.5930957814366237e-06,1.3554509602355e-06,1.6973814862137759e-06,3.509857497286707e-07,6.08835691351163e-07,1.6832516713896624e-06,2.7776770318798066e-07,2.473130494105366e-06,1.3426678594350291e-05,8.785643738498108e-06,1.2915165776785097e-06,1.6718707439196644e-06,1.0887099377237073e-06,4.6452448095391737e-07,1.6560303443363753e-07,1.6344507526773941e-06
7.641255605381167,8.350366099824247e-06,2.6243079874186883e-06,4.3264029099507336e-06,2.356078498038112e-06,2.0504790071673846e-06,2.7525608943563084e-07,7.076752867604997e-07,1.905652158115559e-06,2.912083886815489e-07,3.388478655063316e-06,7.763574793864659e-06,2.0432115966098145e-06,1.511075887765065e-06,3.285268918031323e-06,8.751638479576969e-07,7.159572953101544e-07,1.7449049317662216e-07,1.2141708840941676e-06
7.587443946188341,3.3417028212808703e-06,3.261162071333621e-06,6.0794927952731175e-06,1.0329534490727772e-05,2.075058656923511e-06,1.4876672092356056e-07,1.6232654112930842e-06,1.7042484344187397e-06,1.4331813772055413e-07,3.0515767122099684e-06,4.5224935422583704e-06,1.4311594182893631e-05,1.0899826152566161e-06,3.1262428049454036e-06,7.932308769577553e-07,6.332757562599568e-07,1.5202632513808622e-07,1.3563990951020546e-06
7.533632286995516,3.1212542115221413e-06,5.183763926834483e-06,6.998144228361965e-06,1.4399490315358577e-05,7.799515986215454e-07,2.368816410416789e-07,1.8674907434115268e-06,1.124450319545478e-06,1.1893968398215128e-07,3.5017286930172037e-06,3.387478261742688e-06,3.372407000564716e-05,1.080959707791501e-06,2.5343241852663287e-06,6.167477231912112e-07,1.3925449767897683e-06,8.284340829993357e-08,1.7968646898623467e-06
7.479820627802691,9.920764271305869e-06,4.089159489841736e-06,6.9783473199158256e-06,1.3482021158514454e-05,3.038311394246428e-07,3.56609100474732e-07,3.4712645479684847e-06,4.078896080801827e-07,1.5483011309486677e-07,1.6445439064414402e-06,5.436991604887415e-06,3.643348553879383e-05,9.497364300746626e-07,7.204159716384242e-07,1.2689791461123877e-06,1.4724283942630238e-06,3.0502030690651394e-07,1.9248103228371813e-06
7.426008968609866,1.9992916881984315e-05,5.339012292620076e-06,4.348228062984176e-06,7.722284256090534e-06,6.089154182227752e-07,2.609031682679218e-07,3.835308571706182e-06,1.9922355654968665e-07,2.8215572254573287e-07,1.6057881375222422e-06,6.594946843282348e-06,2.4411811106776207e-05,8.519128223202465e-07,5.762608970616277e-07,1.6650174344090956e-06,1.3692610352987764e-06,6.656458049740057e-07,3.760680458746033e-06
7.37219730941704,3.8449814636061717e-05,3.5376348545448694e-06,5.4081034149188205e-06,5.266342477068052e-06,1.1144957209101126e-06,1.7809933011920924e-07,5.183195490276438e-06,7.675525630873164e-08,2.6269396184521543e-07,9.024606955085735e-07,9.606512118962951e-06,6.963763100950326e-06,4.5422748351125033e-07,6.946599788925754e-07,1.6368019318257335e-06,7.855677812809465e-07,9.260296547500276e-07,6.158057750665071e-06
7.318385650224216,6.388250871176657e-05,3.1468849793816884e-06,6.790940506021216e-06,6.038244112670455e-06,2.4671310217218612e-06,1.1127096192254664e-07,4.368179839225602e-06,5.372972270832453e-08,3.8470214372940865e-07,4.891396062183865e-07,1.1648893404927079e-05,1.4463152174899279e-05,5.814881215119945e-07,1.4500492798662884e-06,1.319105569456581e-06,1.0171113297161588e-06,9.878619331462625e-07,7.337539928573908e-06
7.264573991031391,9.997837050868429e-05,1.2476643317997287e-06,7.945003331129104e-06,3.9761239674782375e-06,2.4882217686651122e-06,1.2701846673566532e-07,3.217494042960662e-06,7.979502022435639e-07,6.244881650115714e-07,5.430544649218169e-07,1.3430468810630028e-05,2.0989802764492764e-05,5.964358362198552e-07,2.830866756772397e-06,8.28820276501006e-07,1.028382718315511e-06,7.228152755759912e-07,6.445687860793453e-06
7.210762331838565,0.00012917851081004016,3.1898876227052226e-06,9.693356578698453e-06,6.120890287332783e-06,1.9865912897892185e-06,1.734111417936494e-07,2.518092375752831e-06,3.799228262241323e-06,9.221789306042443e-07,8.61248957774209e-07,1.0201100905675675e-05,2.7637647289757357e-05,1.5560923442004798e-06,3.5030970533731453e-06,8.967049907528141e-07,1.165206401680428e-06,5.530843667308337e-07,8.76831863546494e-06
7.15695067264574,0.0001683186451661214,5.688397482264421e-06,1.49122184251711e-05,1.187691497473729e-05,1.0250139431505292e-06,1.2790727316634472e-07,5.783189755654932e-06,5.189009656674936e-06,1.2311043835267328e-06,2.2543890267787695e-06,5.698441889201462e-06,1.7939642967531226e-05,1.6512509817039186e-06,3.988533966090518e-06,4.894342142720188e-07,8.578996919671326e-07,3.350281949466365e-07,1.365936426810714e-05
7.103139013452915,0.00018891745138524275,6.6635390427911506e-06,1.8597553640839494e-05,1.4861450404100766e-05,1.0667766002574355e-06,3.1582289292792575e-07,7.065449214813152e-06,4.5543748737696774e-06,9.781330240481131e-07,3.3474172574744136e-06,2.0171231980510488e-06,1.555015077111835e-05,1.6884023985296563e-06,5.705846652908377e-06,3.9715914000020445e-07,1.3068106430388592e-06,5.356817382946155e-07,1.3578443359932712e-05
7.04932735426009,0.00020594759868773619,4.280248189572272e-06,1.650917430674078e-05,1.1300280655025423e-05,1.355402554908257e-06,5.026858257443423e-07,6.146989419672947e-06,3.2089327993669613e-06,7.486325346774748e-07,2.9243626583119633e-06,8.137993677532064e-07,1.3379919551702903e-05,1.0539144649588175e-06,6.769234891116079e-06,6.117684783635961e-07,1.0593753550507816e-06,5.067392055935837e-07,1.0232547651053328e-05
6.995515695067265,0.0001830860483766526,1.9762420220215972e-06,9.497822907368608e-06,5.515177223664296e-06,9.154236496662809e-07,6.765383901199011e-07,2.1577885578704625e-06,3.4162898883420065e-06,2.09338663316705e-07,2.7995585548226423e-06,3.6231068878388995e-06,3.654903268623649e-05,8.830548530154848e-07,5.767619516082182e-06,2.372868515019292e-06,8.061466155619651e-07,8.614751337976871e-07,5.051495646587414e-06
6.94170403587444,0.00017309268574629914,1.0537223450509956e-06,5.69364924923145e-06,2.0003910803488854e-06,1.0991634237334526e-06,1.052426369707581e-06,8.558549117247636e-07,3.9876319900971606e-06,1.9056326882389124e-07,4.266059953950849e-06,7.820239838584983e-06,5.47055958884859e-05,6.405601503534118e-07,4.265877611864396e-06,2.3463531450271307e-06,9.33381782604617e-07,6.233391633290309e-07,3.5132846329249075e-06
6.887892376681615,0.00016000514324595376,1.1666486657563723e-06,4.685939775876577e-06,6.376115432981139e-06,1.6229049809155607e-06,1.249742103326693e-06,7.498841810853972e-07,2.842892842801437e-06,1.5694398742854881e-07,1.034768244577485e-05,7.832361043989358e-06,6.493819257987546e-05,3.302598189481461e-07,4.67091932278389e-06,2.1166925430799478e-06,1.2215202429044684e-06,6.878776783163661e-07,1.8132035600088028e-06
6.834080717488789,0.0001561110598653265,2.392888295695136e-06,4.069674990525305e-06,6.881352327704695e-06,1.7649236135288874e-06,1.1608359421172778e-06,8.367400929506037e-07,1.4680873696347582e-06,2.505070178265982e-07,1.2900779397185312e-05,6.96724678191136e-06,5.339292133086732e-05,5.69939560900845e-07,4.8849976387756e-06,6.050998386941669e-07,1.357874515071341e-06,1.0226269144649743e-06,2.612652160327247e-06
6.780269058295964,0.00010978302422709092,4.030828427011334e-06,2.1319080574281038e-06,7.416461772148409e-06,1.531980331319988e-06,6.032670293435649e-07,1.8557791707769212e-06,7.626780788667967e-07,1.919587994972642e-07,1.395739366704328e-05,7.797811344216189e-06,3.052444218575932e-05,5.813865375117937e-07,3.3530362308919797e-06,6.507008373208771e-07,1.0947444530238542e-06,1.0400269240324679e-06,3.8938659165877194e-06
6.72645739910314,6.479120163487326e-05,4.99840828036656e-06,3.8324173089506425e-06,3.326631237734991e-06,1.8910313162153133e-06,2.301268724447875e-07,1.98680993540433e-06,5.102927146909295e-07,3.340163340365366e-07,1.4085301198316842e-05,1.3934615521430853e-05,1.9822924485510122e-05,1.0371037065323078e-06,1.1044811201939363e-06,8.965261781080558e-07,7.716445524991234e-07,1.7080130708735645e-06,3.946752529140737e-06
6.6726457399103145,2.109183502030309e-05,3.6363559744511524e-06,9.894610977802648e-06,2.1955417616964895e-06,1.9047506455069403e-06,2.0230459751221404e-07,5.423369540118119e-06,1.691063641333571e-06,3.9285973636060123e-07,1.2967521311776663e-05,1.3620615453710394e-05,1.124911683130331e-05,1.1449976010945839e-06,6.042569855777761e-07,6.665741969791532e-07,5.335058820352447e-07,3.060863030423653e-06,2.0995026763661354e-06
6.618834080717489,2.4796246319351358e-05,1.9608207834288435e-06,1.5297963218927595e-05,1.897374202300818e-06,1.7449592029225288e-06,5.420170318728797e-07,6.324155789188613e-06,3.0874381817858736e-06,4.2771899550057215e-07,1.1090481855212915e-05,8.539345032592126e-06,1.9474472400577363e-05,1.5255159477210054e-06,7.179346999998614e-07,1.1972645193579708e-06,5.243805849438366e-07,6.200450706827022e-06,1.4007985584640333e-06
6.565022421524664,3.8081774924534125e-05,3.1352625570091796e-06,2.1059442211803694e-05,2.276115760277455e-06,1.1363201388090118e-06,1.0081027957173482e-06,1.1981211523213088e-05,2.969200888229249e-06,3.5450948072952325e-07,5.068820200269054e-06,3.1998566054639586e-06,3.343275895342548e-05,1.162367980839408e-06,9.71220520859553e-07,4.017147711601407e-06,1.0134404585129993e-06,6.839887076283387e-06,3.0395257088047545e-06
6.511210762331839,7.185202470473406e-05,6.835601318361794e-06,2.5117252590489473e-05,3.0101036287319413e-06,1.9919170639001475e-06,1.8096495802076242e-06,1.5745361634873756e-05,3.1683106944154437e-06,4.4801787860565396e-07,4.878713527721648e-06,4.503148481201423e-06,4.5181099454479096e-05,1.2417255452495466e-06,1.7469025595057278e-06,5.790025777727624e-06,1.083379727275208e-06,5.1851428434652915e-06,4.803717891895642e-06
6.457399103139013,9.210031441416222e-05,7.254371963576823e-06,2.5395483636152617e-05,4.665677921340282e-06,1.8607464569394116e-06,1.9977420957594293e-06,1.6370095769986658e-05,5.256753010817299e-06,7.355309465647322e-07,1.1888519124273039e-05,7.078187456608088e-06,3.821935320164495e-05,3.3079225488941434e-06,1.9958124499093976e-06,6.87111629753237e-06,1.4372880865045415e-06,2.5655513804447e-06,4.819359764838503e-06
6.403587443946189,9.58390256901644e-05,5.407476217260124e-06,1.8183665710411535e-05,5.144225797774224e-06,2.5220907157318545e-06,1.5362857243577904e-06,1.4057833981211082e-05,9.742199958374595e-06,6.45084518127543e-07,2.3197140507613857e-05,8.341191980382826e-06,1.8662657431924894e-05,4.4780907163477165e-06,1.992259111614695e-06,4.564369055472697e-06,2.0919390416918238e-06,2.3828144878183478e-06,5.020461870648512e-06
6.349775784753364,0.00010730294636353427,4.358106143717187e-06,8.456987124201959e-06,7.583685820218632e-06,3.6891695162095264e-06,9.682978677027484e-07,1.0554159216902118e-05,9.453374713634034e-06,1.1180542643808417e-06,2.460725387327659e-05,8.940963124904447e-06,4.58243868008086e-06,5.693371461487541e-06,2.1178550628935896e-06,3.7928435244589075e-06,2.6057396262301417e-06,2.5644894494818977e-06,3.719200398234584e-06
6.2959641255605385,0.00012002638138717059,6.135040670529307e-06,3.387366050138336e-06,7.307421944255917e-06,3.603628858787979e-06,1.0808746972679264e-06,1.2179967773861415e-05,7.133431684271005e-06,7.409680265777226e-07,1.61164533074932e-05,2.1200011365312954e-05,2.9343938669286647e-06,4.049953974962283e-06,1.772093655182972e-06,9.143306180417255e-06,3.0559646002923195e-06,2.214299446938803e-06,4.392907520174355e-06
6.242152466367713,0.00012793676136023749,7.219796530424315e-06,5.205991975869333e-06,7.230346581267406e-06,2.6070869664572944e-06,1.0042293238703135e-06,1.0900974079338027e-05,3.132662303648262e-06,1.237905892140508e-06,5.364249164544934e-06,3.6136780778652216e-05,5.355780368774531e-06,2.7664371676557023e-06,5.976324606889905e-06,1.1325493183947761e-05,3.672507989340233e-06,3.625907060646153e-06,4.010879253488112e-06
6.188340807174888,0.00012563574285620165,6.653890085981281e-06,5.646306739529374e-06,3.997043564279569e-06,4.0549445556581137e-07,7.423877136132586e-07,1.4256652269931547e-05,2.097991168685259e-06,5.998937542426665e-07,3.9235322679558666e-06,4.208203948249536e-05,3.070876525465577e-05,9.820593430017967e-07,8.251030191378126e-06,1.0831264774372207e-05,3.04970613674612e-06,6.90935110178194e-06,4.562419930423743e-06
6.134529147982063,9.268971171892597e-05,8.408657362558894e-06,7.365979883516032e-06,2.159579126212462e-06,1.1444556938492775e-06,2.2958907026103255e-07,1.1246526513971508e-05,2.4884605696662e-06,6.157467863131445e-07,4.504470653336466e-06,3.7659300427351866e-05,6.674186519065705e-05,1.09378138458427e-06,1.0401810645176792e-05,4.169469489095757e-06,2.7694480393254813e-06,7.477718312554205e-06,3.7229365163467684e-06
6.080717488789238,6.848572929667629e-05,1.4519163911385778e-05,1.1314986762761517e-05,8.834276894483341e-07,1.4901328131668514e-06,3.6691013381203905e-07,9.724083017574713e-06,5.046741768606521e-06,4.6516443003298033e-07,4.656046546367636e-06,3.71921174331922e-05,7.72177734396074e-05,1.8871899599279771e-06,1.3109902331410865e-05,4.5789145217264374e-06,1.3193390800185849e-06,5.194344899813518e-06,3.170976286524533e-06
6.026905829596413,3.166298290165329e-05,2.223641072937844e-05,1.6507042308088646e-05,5.658343840057013e-06,3.3627113542777026e-06,3.6404043208386156e-07,1.3297673147079517e-05,6.009311942652217e-06,5.253606205662838e-07,2.839916246276185e-06,4.314907502668998e-05,5.06158095224091e-05,5.71011485178484e-06,1.685521890867558e-05,5.030470405622608e-06,1.3601851944833521e-06,2.573240005419672e-06,8.941670928547831e-06
5.973094170403588,5.2434010953892923e-05,2.7947713353340213e-05,1.8986988301573853e-05,1.313318072420512e-05,2.994794501209501e-06,4.166506701917495e-07,2.926778554208584e-05,5.125761178197686e-06,9.703511866985189e-07,5.24385448291962e-06,4.163036162713331e-05,1.5819940796388932e-05,1.1377573139688993e-05,1.5223299675674202e-05,5.625762365940475e-06,7.966151618459643e-07,2.299558483313633e-06,1.0387814407223311e-05
5.9192825112107625,8.163891894344419e-05,2.134449159882855e-05,1.605908125950689e-05,2.196665048327359e-05,4.978043216401524e-06,3.6707155359471553e-07,3.824477352543506e-05,2.457430392647127e-06,1.228596909097339e-06,6.101510184724789e-06,2.5297795672613105e-05,3.4906994704911405e-06,1.3663025361618604e-05,7.904617839431786e-06,2.6264907637301723e-06,3.0460589467079005e-06,2.2332176886458536e-06,1.3161576001347496e-05
5.865470852017937,0.00013603301321304297,1.2234991721002643e-05,1.652878455573311e-05,2.5288833997101637e-05,3.5449565632637826e-06,8.275465157929074e-07,2.9837961999084002e-05,1.291809234204224e-06,1.1068802102602906e-06,7.70230783613322e-06,1.9375317218834842e-05,1.0772344238077943e-05,1.024242905780534e-05,1.0879730134209964e-06,2.4818776886220367e-06,4.96610221679869e-06,1.4484270102097054e-06,1.6765198904409073e-05
5.811659192825112,0.0001508015960470627,1.2689642034225137e-05,2.029640710796964e-05,1.8251366608335522e-05,3.179606870111105e-06,1.0078065491617613e-06,1.3369245276039552e-05,7.525339606474455e-07,9.582888969866794e-07,1.1694404790923068e-05,2.786502585317693e-05,5.148615801372178e-05,6.631062104355218e-06,1.0020541272802682e-06,3.702065322127431e-06,5.549657318604076e-06,1.07742070586512e-06,3.066413020329789e-05
5.757847533632288,0.00019110169584304754,2.2408689069568098e-05,2.431759801182594e-05,9.65369541051333e-06,1.3601067144191813e-06,5.278264979538064e-06,4.8452656309723905e-06,1.3160842981561268e-06,8.787506981898882e-07,1.6585039996756142e-05,3.5664733454469905e-05,8.46449398586384e-05,1.0252337135876842e-05,1.3322736882671385e-06,6.180764494927988e-06,3.2217735445738474e-06,2.6706573814400285e-06,3.5034685162963085e-05
5.704035874439462,0.00021499139523158253,3.543172953816656e-05,2.625214366803393e-05,2.018733896531098e-06,2.011884788800537e-06,6.427042355975888e-06,5.775912874403993e-06,4.766895361862257e-06,9.721236798983244e-07,1.4651266391224908e-05,3.248217360898645e-05,8.50499650136156e-05,1.4199207119415918e-05,4.3201050389769816e-06,6.6005970887182776e-06,1.7875980333137942e-06,4.36148943405488e-06,3.115520178329299e-05
5.650224215246637,0.00033581528481066235,3.8079829825984694e-05,3.429270675034417e-05,4.1914736973855594e-06,2.908523861248429e-06,6.514458475825374e-06,9.00045930307927e-06,7.877110877790977e-06,7.041266951196913e-07,7.908229560967308e-06,1.763917403664273e-05,4.6571991172626835e-05,1.1453201367932305e-05,6.374066624682181e-06,5.52239775742801e-06,1.6663207459320107e-06,4.354035335882188e-06,2.8474525139478406e-05
5.596412556053812,0.00030443579333199345,3.623899172670582e-05,4.337343094923144e-05,1.4460440531423486e-05,2.3155139933115636e-06,4.857035576206866e-06,8.907834597713413e-06,7.166389000208013e-06,5.843576152404433e-07,6.651253800612574e-06,1.081845304046493e-05,1.623501403403456e-05,1.038543201170605e-05,7.080523358185742e-06,2.5399032699274807e-06,1.7775352825969192e-06,2.567047686944214e-06,2.6855575734412283e-05
5.542600896860987,0.00024697731113111323,2.49959396257917e-05,4.6144030190348726e-05,2.3344468876823295e-05,1.7765719899310908e-06,5.7953469849635106e-06,6.522232733407225e-06,3.869012741771571e-06,6.458382921460587e-07,9.692070509463934e-06,7.940935716703641e-06,2.7781322759634297e-05,8.703114526032436e-06,9.525060994479635e-06,2.421858763015813e-06,1.3598888400943473e-06,4.900597848067688e-07,2.6284785172348584e-05
5.488789237668161,0.00013747070658175008,1.2708889457403381e-05,3.087052289578833e-05,2.283802473199467e-05,1.428157721087088e-06,6.5988365294379636e-06,3.0336932595851745e-06,7.117886352524405e-07,7.255544708107603e-07,9.135324002388792e-06,1.9657742574809875e-05,2.8011649586824814e-05,1.0377111946059482e-05,1.0010248876142208e-05,1.5502616088468558e-06,1.2499505313686674e-06,6.561637607626112e-06,1.705893995050616e-05
5.434977578475337,0.00012741853201439637,4.718684048749459e-06,1.8267033821259137e-05,2.5097002030915025e-05,1.5641453832457371e-06,4.163928549897074e-06,4.605940412488533e-06,4.8637932118976135e-06,7.550606023709754e-07,3.871274210176936e-06,4.495189554493119e-05,4.021067730664975e-05,4.812185698898492e-06,1.1395618504210442e-05,2.1658875830643676e-06,8.399336916693087e-07,1.4216267624588178e-05,1.0314051266777217e-05
5.381165919282512,0.00011273171937912421,2.2497474092639822e-06,1.2961450533114478e-05,2.753063471233633e-05,1.649467924580124e-06,5.149363140700898e-06,9.929903799346935e-06,8.384558574794218e-06,2.567695057568809e-06,4.730378486627747e-07,6.085273321092657e-05,5.8826165289303575e-05,2.8550189143772693e-06,1.2253498813418548e-05,2.9563052415627825e-06,9.255573157233791e-07,1.5684452035947103e-05,4.866719527762649e-06
5.327354260089686,8.803139173213604e-05,2.055064719030573e-06,1.5072279174451235e-05,2.9615301214915217e-05,4.726090945185028e-06,7.315782229990792e-06,1.8782631364436617e-05,9.356266108695548e-06,2.5061164096995083e-06,6.990988081671793e-07,6.157183031237906e-05,6.376731076064617e-05,1.0217942392564432e-05,1.3731318316104054e-05,4.952724826551335e-06,9.567029984023376e-07,1.0489032424007146e-05,1.4397534436751424e-06
5.273542600896861,8.071213323139408e-05,1.8892940056502767e-06,1.1051461177705028e-05,1.8535561461841136e-05,1.374060973160499e-05,1.1920436464214486e-05,2.3956670972661518e-05,5.9601538778629025e-06,2.2179251060733228e-06,6.902031524939138e-06,5.063474452661475e-05,0.0001034407352151974,1.772072151170719e-05,1.4431240477885717e-05,6.563471120838057e-06,4.313282033858391e-06,5.557171494502965e-06,2.0264255112601065e-06
5.219730941704036,0.00020355567094456283,7.2613136887464545e-06,9.474294346732929e-06,1.858478505378286e-05,1.9368483986757723e-05,9.076109141939819e-06,1.836935259630874e-05,2.4739980045815016e-06,1.6140755750436312e-06,1.364505274961466e-05,3.537964617873766e-05,0.00011074125177858765,1.9187012564568324e-05,8.47404593876188e-06,1.1137669484099084e-05,7.296735025091335e-06,5.221318981378192e-06,1.985648824961531e-06
5.1659192825112115,0.00028017870383286483,8.038902058271419e-06,7.11841072013509e-06,3.4061514135627096e-05,1.5909834074102038e-05,5.820268585021343e-06,1.1168628567418171e-05,1.4234603506918963e-06,1.7431231364907924e-06,1.8430935483198604e-05,2.1149252187642815e-05,0.00010356894146614964,1.0292672313043115e-05,1.007749134780539e-05,1.2625970668368339e-05,7.483594855482868e-06,4.197907197630062e-06,6.420006084656742e-06
5.112107623318386,0.0005773368315628279,7.568884598848682e-06,6.553648931025779e-06,3.568490372370462e-05,8.551093950914165e-06,1.6297181017347763e-06,1.1098412878411815e-05,4.947055441828551e-07,1.971107791819567e-06,1.2072957331810615e-05,6.529892734855417e-06,5.0612478012085625e-05,2.9202247274932197e-06,1.0414127811509593e-05,1.1068020065508269e-05,4.922663723182429e-06,1.7115589073935194e-06,1.6790753691106355e-05
5.058295964125561,0.0006050495216070794,3.3417287079388036e-06,3.2056766755058483e-06,3.94451331075256e-05,4.799771402758741e-06,1.928189641315537e-06,1.7476321480457496e-05,3.2379539510898495e-06,1.0459807200492636e-06,6.83517887907142e-06,4.099864284397197e-06,1.0895060965175228e-05,7.892961755667005e-07,1.4496353365019418e-05,5.187598167597084e-06,6.639154263235866e-06,1.8115316952154492e-06,2.547034434676076e-05
5.004484304932736,0.0007398270189784245,2.2971629446893362e-06,1.3695759128735467e-05,3.716331338016491e-05,4.917944102842287e-06,3.024360819166635e-06,1.9982007725519212e-05,1.3216497328598071e-05,1.8180448051288674e-06,2.6401450554717783e-06,6.3593740038983744e-06,2.2310814310674692e-05,4.5904363226168416e-07,1.930413781689455e-05,3.2370159961138142e-06,9.438412597049276e-06,2.8732121377060546e-06,2.423491145421113e-05
4.95067264573991,0.0006702470853839306,9.038218881426597e-06,2.8239114799507057e-05,7.147471568107903e-05,1.0363263912894736e-05,2.438502572775303e-06,1.739193534488488e-05,2.895965896038071e-05,1.438523233103118e-06,9.706419128422522e-06,1.5085084649882615e-05,4.366058171342913e-05,6.360062119892847e-06,1.6419413636427593e-05,1.8413838663676925e-05,8.717698630926874e-06,4.61687005834314e-06,1.7628150349725655e-05
4.896860986547085,0.0005919980337415009,2.070449222371629e-05,3.5855726989378834e-05,8.903489872898853e-05,1.4621569082490637e-05,4.743787464746435e-06,2.165980838445624e-05,4.820455975663118e-05,1.0059336077989154e-06,1.1941166706507229e-05,3.2482446587442704e-05,7.025711317219639e-05,1.8542641199958983e-05,1.5613659158856978e-05,5.268598618317455e-05,1.2748166612227594e-05,3.914892161840716e-06,1.342073003312539e-05
4.843049327354261,0.00048693817436798817,2.4037604851170906e-05,3.099049082827547e-05,7.730282857834434e-05,1.866581459764042e-05,5.021448201738662e-06,1.775465811255541e-05,4.830143041377915e-05,1.6148707076330882e-06,3.144571441313309e-05,4.9726709744150154e-05,0.0001418354393312365,2.5602175681941467e-05,9.561915657561215e-06,5.742667437317758e-05,2.2066310232272555e-05,3.5316893367849063e-06,2.3626001783486465e-05
4.7892376681614355,0.00029855701149940247,2.2222699397096517e-05,2.1234411718618725e-05,5.9103912517108344e-05,1.5200872862416376e-05,6.035894285834548e-06,1.9205479477869216e-05,3.62288351786383e-05,1.7235711751577453e-06,2.6878970897573376e-05,4.617020593118631e-05,0.0001695263245425397,2.1765625734408416e-05,2.072213871134011e-05,4.323018706646488e-05,2.9835411319860165e-05,2.4888402902783444e-06,2.9720722060941054e-05
4.73542600896861,0.00025815200473221873,1.3792333224892854e-05,3.3179577879698035e-05,5.243485638237133e-05,1.270057392971935e-05,6.009064143929373e-06,1.4741626155995768e-05,1.6945464373364636e-05,4.7251408084421144e-06,4.1302512049190984e-05,3.155567527102186e-05,0.00017182715091553866,1.5197401926416533e-05,3.6198150030101665e-05,1.5133501942667098e-05,2.354370346137113e-05,6.814746315840983e-06,2.665218228290815e-05
4.681614349775785,0.00021873808258017981,1.2491055651281614e-05,4.5095215561126045e-05,6.842989668258402e-05,8.93546647758129e-06,9.69945348843521e-06,1.6396579068920104e-05,9.029683189665088e-06,5.1838561830342096e-06,3.985307843063888e-05,2.5981142544277174e-05,0.00018514732469342054,1.6927875287553522e-05,3.4209221751112987e-05,1.4889740228022056e-05,1.1980694129634505e-05,1.1036143843542357e-05,1.532232585059147e-05
4.62780269058296,0.0002779334199206771,7.324740414816166e-06,4.364588587681736e-05,6.183353013663412e-05,5.603591390173984e-06,1.6050610272064664e-05,1.4915453781420469e-05,1.792908681522425e-05,9.257269548970949e-06,3.8656934325502e-05,4.066864364584129e-05,0.00020464809081841096,1.753033825919434e-05,2.4623184832762104e-05,3.0093959938477013e-05,7.783518267553707e-06,1.0817528185968704e-05,9.058943759865796e-06
4.573991031390134,0.0002538992164773943,3.940726542172465e-06,3.934754464206451e-05,4.9112062465249946e-05,7.921852904086396e-06,1.6087630131980832e-05,1.5915471726818566e-05,3.581956874049058e-05,6.801341525763102e-06,2.9696131336602077e-05,5.059768636489802e-05,0.00019331643923014807,1.4850518568406926e-05,2.8211419125733877e-05,3.5437241840054824e-05,1.0091577389267627e-05,5.879216751396821e-06,8.580066009481583e-06
4.52017937219731,0.0002548487767600274,1.9007049774587236e-05,5.8160728605515424e-05,3.2579979763618205e-05,1.5782231652796716e-05,1.2716605614741388e-05,1.5359502312908292e-05,3.772319537264998e-05,1.0138387456710465e-05,2.527170599353087e-05,5.38020547128423e-05,0.00010879359152196509,1.4081503939742452e-05,5.778564028466264e-05,5.6952669046672975e-05,1.5467664550776797e-05,4.274648982995702e-06,1.5979940921756864e-05
4.466367713004485,0.00013555835773269728,5.365947241649187e-05,7.546935601112987e-05,1.981726624574013e-05,2.9018326152406405e-05,1.0976624374816573e-05,1.4595581420018247e-05,3.161212793460388e-05,1.402802006811876e-05,5.489313003062152e-05,5.306757722263622e-05,5.173143271918226e-05,1.7704296022911433e-05,6.972104329086863e-05,5.2369580070349494e-05,1.9924452425632515e-05,6.074627397685486e-06,5.3827758902402e-05
4.4125560538116595,0.00011505092416093287,6.839305994114499e-05,7.22964946273836e-05,9.16348160602254e-06,3.3217387070349565e-05,1.390829713139965e-05,7.746252524205375e-06,2.7695115448390053e-05,1.5418034881413564e-05,8.759734436585153e-05,5.5065906822055525e-05,0.0001755863027745866,1.5252399812104587e-05,5.349653114164863e-05,4.671513783315523e-05,1.954921475540809e-05,1.3520628767206052e-05,7.21167547739437e-05
4.358744394618834,3.768741155611297e-05,5.5251110147622695e-05,4.0557515243099906e-05,2.565046977148807e-05,4.961601863560622e-05,1.3796152356892886e-05,1.0464161713580518e-05,3.4793840442920137e-05,1.2115517684958928e-05,0.00014704994504972292,7.972596182354511e-05,0.00033275547349032037,1.657219789992488e-05,3.487838731937794e-05,2.362249940516357e-05,1.338476104302992e-05,1.2156509730196652e-05,6.451498836193648e-05
4.304932735426009,0.00016861037180135888,2.8769560752252576e-05,3.276170378565961e-05,5.810554805078409e-05,6.790180212352849e-05,1.136567316156518e-05,1.3068592539068834e-05,3.167124848944338e-05,5.0745287334874575e-06,0.00016691426218261294,0.00015747403604700095,0.0004057703000259817,1.5433041055228247e-05,2.4969506805937204e-05,3.201491259701853e-05,1.0442631005047388e-05,1.1537314960727648e-05,2.681837106419588e-05
4.251121076233184,0.00021582845922246138,1.584987737040509e-05,5.874542255247445e-05,0.00012203314784003614,8.1552421135048e-05,4.056322961463466e-05,2.9801439261727762e-05,1.6489138768848996e-05,7.326849835176444e-06,0.0001455865647651358,0.00022840502992586777,0.0003237219047548915,2.062594973039574e-05,3.314066806936937e-05,8.782525485286164e-05,7.781632279352617e-06,5.0049795442649035e-06,1.2150207373743061e-05
4.197309417040359,0.0001987878819600917,4.343924979258695e-05,5.370089874627112e-05,0.00012961026007472017,5.950374429986588e-05,0.00010645972390321543,4.7539604459149265e-05,6.0790753684186625e-06,8.56836796106895e-06,8.797790442848004e-05,0.00025163775476798284,0.0002517185437943001,1.688743305789958e-05,4.657733888739403e-05,0.00010950139449512002,2.0237819052452685e-05,5.0709783413685876e-06,1.7735798968498504e-05
4.143497757847534,9.537371840198154e-05,5.905475486829007e-05,5.979072072611774e-05,0.00010095776692813464,3.196674655814537e-05,0.00012042686001273318,0.00010823320606309627,2.899780901968036e-06,8.797033687691045e-06,5.846970741945515e-05,0.0001980240869727582,0.0003109255041453153,1.7915161888576228e-05,7.175250109718066e-05,9.053430947436807e-05,1.772337011997642e-05,5.059238607932441e-06,2.2252848601672784e-05
4.089686098654709,6.261624715945379e-05,6.827004171331246e-05,4.0319316072102984e-05,3.4620007465254906e-05,1.0287443405883838e-05,8.66956935713644e-05,0.00014225862011160828,8.332411156560757e-06,5.356229928610885e-06,6.0118138736365396e-05,0.0001768568315406822,0.00030709413518921724,1.4073583960474612e-05,7.28095972212986e-05,3.113380764300055e-05,2.465549327261512e-05,1.9362651795203007e-05,1.8535200675750314e-05
4.0358744394618835,6.0747382264597797e-05,5.093370320313682e-05,7.109644566744323e-05,2.0823971173708155e-05,1.3147522749386917e-05,1.939457940133761e-05,0.00015547652250403156,9.492899224807522e-06,4.715063997454235e-06,4.6804166649407206e-05,0.0001559040499663095,0.00027601863583764686,2.6900318144993318e-05,6.691536613867757e-05,6.0546704079714745e-06,2.5615075448100422e-05,7.06834541533756e-05,1.1578521047566753e-05
3.9820627802690587,3.7126091640371564e-05,3.945445092838509e-05,0.00014574409444056846,4.0618769747257914e-05,1.570494874841361e-05,4.165335358873244e-06,0.00015519442556139446,2.2307896229257178e-05,1.0391762419678198e-05,3.499007931118817e-05,0.00012712314013357614,0.0001617044273630497,7.19444815073295e-05,7.877374561570058e-05,1.9039645668943944e-05,2.6953739030855837e-05,9.950661925390578e-05,7.605999918844773e-06
3.9282511210762334,8.971471697300187e-05,5.899253795141897e-05,0.00025781649242194226,8.156561651101841e-05,1.3707114109223902e-05,8.133984873388306e-06,0.00016148044067116672,4.27469446831163e-05,2.874663082880159e-05,3.60777699703771e-05,7.753158026603764e-05,0.00010197334947532857,8.12610897291731e-05,8.895152708588944e-05,1.780833054537996e-05,2.794755340345964e-05,8.968935456242344e-05,2.2268350830882138e-05
3.874439461883408,0.00020330174024229506,8.218991990182325e-05,0.0003006132841442619,0.00017581268634493826,9.540072781802781e-06,1.1461458766765671e-05,0.00013770144896614372,5.770458451488182e-05,3.9511822044054025e-05,8.635914513584706e-05,0.00014381450231463835,3.6892594286467305e-05,7.267540734162826e-05,7.285473129320052e-05,2.9922223853723565e-05,2.301933970242048e-05,4.6431579653760216e-05,4.462936980442285e-05
3.8206278026905833,0.00036242465159603323,0.00011199069462240891,0.0002574728467417794,0.0001984621340712717,6.1847362039781236e-06,1.1208596462171499e-05,0.00010594902126524133,5.4587308779811694e-05,4.240745730722843e-05,9.050751708392161e-05,0.00034796861088379395,1.7801731466480605e-05,3.799791228389123e-05,3.3644212117630405e-05,1.9005163524494142e-05,2.0403969769193725e-05,2.4376573727260102e-05,7.073994162058369e-05
3.766816143497758,0.00041814497028041755,9.214332389858084e-05,0.00018564972543416827,0.00015750408970708498,1.6678492561245746e-05,6.5268846539450154e-06,0.00010590120071463758,3.2367034742178986e-05,3.345486128964549e-05,9.294921885451889e-05,0.0004890277761238574,6.447007263887468e-05,3.422558007633651e-05,1.1578465147737483e-05,3.167281418614454e-05,2.403049092577955e-05,3.798527733144557e-05,7.533122284896255e-05
3.713004484304933,0.00043486004628625344,6.107348581665098e-05,0.00021460276324377088,8.698533756043498e-05,1.7146445877306314e-05,8.050653728718672e-06,0.00011663712002626145,2.6059721615673143e-05,2.2721892595130958e-05,5.977751973836755e-05,0.00042079794555279214,0.00010105805476452543,2.866298086557287e-05,1.1265392240924433e-05,5.06996181848984e-05,2.7323110047328596e-05,3.071992333586452e-05,8.4595439316048e-05
3.659192825112108,0.0004997075085129819,3.236787959604808e-05,0.0002631559292592713,0.00011270791047722934,2.2918299392611763e-05,8.795137243506681e-06,8.714498624089406e-05,2.1400415704806334e-05,1.3357886299180754e-05,5.210049418775549e-05,0.00020863063946018897,0.00014086967354297208,1.710746214988483e-05,3.941728219551854e-05,6.924336851824497e-05,2.8251783651988544e-05,2.4251062376253697e-05,8.642720424598287e-05
3.6053811659192827,0.0005410274847172359,6.993799469361582e-05,0.00024156851510989203,0.00017300224079369356,3.0644873477405436e-05,8.283796975700422e-06,7.938742584073567e-05,1.9383388368320854e-05,3.5964160126910896e-06,6.152480272379834e-05,7.706519625335553e-05,0.00023196284050977,1.8233938562016653e-05,5.4357637604958504e-05,5.73081119455824e-05,2.241479149068193e-05,1.709497364846062e-05,8.473199997855065e-05
3.5515695067264574,0.000687427825549975,6.879306127587323e-05,0.00018799917531531202,0.00017216357580683036,3.3855099572115866e-05,1.4497231879380098e-05,9.582180112922112e-05,1.2354936530556738e-05,3.2353591530401374e-06,7.660685811071132e-05,8.775976274391237e-05,0.00022194700547101888,2.6790622459115416e-05,8.336960248622189e-05,4.475041053118581e-05,1.9145281365900245e-05,4.223059651342361e-05,5.537571593223851e-05
3.4977578475336326,0.0006238875722614566,6.32755617304138e-05,0.00010554922892920506,0.00014502020703160252,3.055384992698052e-05,3.824283273351217e-05,0.00015765807933058613,1.863857624993506e-05,3.190302634442481e-06,0.00010218935070617021,9.344127437695044e-05,0.00024554133284910944,4.84271160687716e-05,0.00010780766812653936,6.69275516799825e-05,2.206516062944384e-05,7.647127940049435e-05,3.645472689824817e-05
3.4439461883408073,0.0006275656001912709,3.143339847390934e-05,6.793560579849457e-05,8.659996630037595e-05,3.969280197608495e-05,3.983969601223696e-05,0.00014480511662312738,2.0702716493742228e-05,7.841053636675623e-06,8.478474985333301e-05,0.00011124745662295448,0.00020860661453303602,6.97028601145896e-05,0.00012481910596316142,9.61067372797371e-05,2.9139540517599077e-05,0.0001256615124942884,3.4895818519435394e-05
3.390134529147982,0.00039679582566996694,2.8432275830453043e-05,3.145434418048124e-05,9.667399126306485e-05,7.817485769288378e-05,4.4435985991833824e-05,0.00014725327775777573,1.8833741678944054e-05,1.0447369827466225e-05,6.530447861534996e-05,7.248684406730923e-05,0.00031272950755842956,8.201108229996259e-05,0.00014013909714240226,0.00014195341217760317,3.872257585742932e-05,0.0001055931757083078,4.2376196370562107e-05
3.3363228699551573,0.00034843557714298197,3.877213028204986e-05,4.577224895708797e-05,5.761177420577478e-05,0.00011340984855776537,2.432215093937385e-05,0.00016212345222303877,8.318897096892102e-06,1.4198718684327624e-05,8.044214387444183e-05,8.355330330173841e-05,0.0002429705142566397,7.625614850833669e-05,0.00022886701349995856,0.00010461548488334111,3.57840112794994e-05,8.74435191387504e-05,4.25761111281572e-05
3.282511210762332,0.00036388132327232913,3.827096212514153e-05,5.336992245108168e-05,6.564685398453512e-05,0.00010373947559749557,2.581414616172762e-05,0.0003001594069200271,1.0585389613977875e-05,1.6604284610220176e-05,0.00010190033028420992,6.146962358995594e-05,0.00022433231344380663,6.350164901780367e-05,0.0003660259777081596,7.772744516986272e-05,4.077489884126844e-05,3.205956216712879e-05,2.8829970504790218e-05
3.2286995515695067,0.0003505499616336963,6.96039861525143e-05,4.843743159047975e-05,3.7574650451426813e-05,6.229637857680176e-05,2.1870602853649e-05,0.0004247212697459467,1.5925090510586172e-05,1.3755049189304913e-05,0.00012298024655234865,6.234320223030396e-05,0.0002244638669158494,4.035386684623737e-05,0.00035726123394843603,2.207876228282081e-05,3.593005021178058e-05,4.977771924369425e-05,3.129987582069564e-05
3.174887892376682,0.0004281419641761222,0.00010980535694699458,4.460126610169503e-05,4.958903072312533e-05,2.467101097229881e-05,6.211413140777055e-05,0.0003772025326848683,2.147079393231003e-05,1.6336131183838133e-05,0.0002352407262429024,6.0926203322867324e-05,0.00025825217673190406,2.6934794320368452e-05,0.00023141454843065708,3.474205987925617e-05,3.8675231219315096e-05,6.587486807010773e-05,6.537592593354092e-05
3.1210762331838566,0.00041884405103096795,9.953348190209055e-05,3.916403607906618e-05,5.0497255080093727e-05,2.857319945093451e-05,9.990344369500701e-05,0.00021194279960366685,1.4527585100493153e-05,2.7453424236928972e-05,0.000234330790807142,5.123956174574795e-05,0.00022479478938052113,3.605264086373103e-05,6.785544189872815e-05,7.331725954915595e-05,4.0468526786245294e-05,0.00011783593112666895,6.340950407176134e-05
3.0672645739910314,0.0004254287147311758,0.00010006247263241848,6.282591038930825e-05,0.0002137489029797389,0.00011917964180839559,9.110564474668287e-05,0.00011004552417252377,2.1936782031405126e-05,2.9692143022583166e-05,0.00021373142689380879,0.00010896473353537824,0.00017584007197325488,0.00010145552922370534,4.490744114001418e-05,0.0001246097177765587,4.421564060185746e-05,0.00012656311710653617,8.06816740007239e-05
3.0134529147982065,0.0002368320118477205,7.683881006696561e-05,7.488631293359367e-05,0.0006743973709740013,0.0002608986880559297,6.347414171206099e-05,0.00017852274643970342,4.926700858167299e-05,2.9226828668781724e-05,6.247934793762365e-05,0.0004885316336009286,0.00032832395184312764,0.00015765753810836897,6.309661014154596e-05,0.00015497439141696988,5.91245131665155e-05,0.00011239100354907914,3.335181325836454e-05
2.9596412556053813,0.00033559860026549225,0.0002165435554295385,9.800525578386653e-05,0.000989831506070061,0.00030743419210359457,3.5542643588727084e-05,0.00026240013827215337,6.836964287767806e-05,1.7554462963311423e-05,6.955900190861895e-05,0.0009575681937653613,0.0004853465411299114,0.00017938772974126322,0.0002333669854076424,0.00014777119983431806,6.228306570701698e-05,5.7834920772450353e-05,8.090372933817195e-05
2.905829596412556,0.0006132651219347337,0.0003558798011237321,6.697644531905133e-05,0.0009893152472419979,0.0002659555014696021,3.7877445458180796e-05,0.0002177899309387085,8.072193184929462e-05,3.234070183153294e-05,7.27049408696368e-05,0.001270808482767273,0.0004312126434388928,0.00016471678616816445,0.0003060039066557149,9.305690308076746e-05,6.079740418795798e-05,6.327279280182487e-05,0.00018190473478140904
2.852017937219731,0.0007250582140925284,0.0004383712125575334,6.234336153247298e-05,0.000678846705510409,0.00031496159836810707,5.251129222628225e-05,0.0001313059332217676,7.191195272416065e-05,5.8809194804178924e-05,6.771187851076562e-05,0.0010128144230615074,0.0002397804948676082,0.0003006002240177116,0.00036091660634120497,7.799446638802073e-05,7.685181238713961e-05,0.00012041117986984035,0.0003506513945427976
2.798206278026906,0.0004974587266787824,0.00033012307480320257,0.00020517246415368675,0.0003887511488492496,0.0003035272300030981,6.769148321963492e-05,5.805705083006568e-05,5.428125155892295e-05,5.257749242749984e-05,5.1606677476523266e-05,0.0007032371237616462,6.101514313819384e-05,0.0004197240149391419,0.00019299228840039199,4.2442794024964815e-05,0.00010994744199633997,0.00014502258218973953,0.0004693528648369346
2.7443946188340806,0.0004864895380016153,0.0001608978059590514,0.0009074915571318382,0.0002592625031390426,0.0002653233099498023,6.267677140896284e-05,8.65641418041682e-05,5.5308743348475045e-05,3.757380156529776e-05,0.000296514431931699,0.0006002333238528603,0.00013525809912116792,0.0003987559506885491,0.00011700860416773688,6.831240582693279e-05,0.00018158955330376347,0.00014998439507141127,0.0004771985918626145
2.690582959641256,0.00045831845802043114,5.693852775443566e-05,0.00140851078719774,0.000119119600576807,9.928737944669451e-05,8.43662538126218e-05,0.00010248011632242967,0.00010600798377308153,3.295824592507221e-05,0.0006368132432905579,0.0006672696565647298,0.00016801487570229014,0.00020067293709981324,3.348950653439783e-05,0.00019481084160616018,0.0002663441547760919,0.00022758731294607619,0.0003314689059708109
2.6367713004484306,0.00041544250570257283,7.866110255228196e-05,0.0012849664962882022,0.0002771356065190028,4.90898092610979e-05,9.920199533300424e-05,0.00013662636071140483,0.00017904479181638771,4.6193684121909584e-05,0.0008335403064923089,0.00059564174466077,0.0002388262281495139,9.296034194613263e-05,4.336391993919336e-05,0.0004175101132304286,0.0002503400872571507,0.0004893467387609632,0.00018854953000126495
2.5829596412556057,0.00026557827683923083,0.0002892476594839673,0.002127602782646183,0.0009595131998350248,7.879271863355937e-05,0.0001036248021376498,0.0006058973481300158,0.00028496442139341524,4.305036093014884e-05,0.000624842306067154,0.0004759982833716408,0.0004557273006227228,0.0003841241081241342,9.946991369160712e-05,0.00040336370631518777,0.00023592028518848378,0.000704680397358054,0.00024128005019881016
2.5291479820627805,0.0014653546093339178,0.0012549146697608247,0.003103531481388881,0.0022186278868876926,6.750556507745552e-05,7.683534320939995e-05,0.0016409233045758178,0.00031538559395129814,2.0123365069526404e-05,0.00035944409390488175,0.00039819791728912317,0.0008868146470332374,0.0005804898426342497,0.00027735928940844824,0.00033895650271333343,0.00038879228014840865,0.0005681753416894247,0.0006704080652449276
2.475336322869955,0.0027910514637416043,0.0015821825730957491,0.003453115991400693,0.00239193661917758,0.00021960614642025,0.00010303035643701828,0.0019117199540337577,0.0004412981641540792,2.843097308264537e-05,0.0003975707321433128,0.0009055953629638384,0.0008896540357393646,0.0005765473758336233,0.000850118647915892,0.0005686916687459452,0.0005355367428515753,0.0003539164679192311,0.000758756982840906
2.4215246636771304,0.004052597861877692,0.0015195443621625134,0.002460796368237483,0.002166175952779962,0.0005545044895964447,0.00018585823087743616,0.0015721702776570305,0.0005000091600470729,4.143271504999631e-05,0.0008307375835777045,0.0008781068119757044,0.0005952468344151538,0.00031288264453232557,0.0009244534897124621,0.0011758096238961213,0.00055971027145497,0.00034662100808784173,0.0009173294081967211
2.367713004484305,0.006861814046333528,0.0022862128698160236,0.0018594295570474437,0.0014311154755144303,0.0005790519242534369,0.0005112820457988563,0.0011307952798858426,0.0005368032673170129,7.367603643281964e-05,0.001916483500700911,0.001125795605677213,0.0002825775926711185,0.0001859480206933038,0.000814936585921341,0.002022265145166463,0.0007010790358467891,0.0007052495233236675,0.0013373823385467852
2.31390134529148,0.007009054312989851,0.006619120195308739,0.0016783639190530225,0.001375558350655098,0.002482052023534658,0.0013818051290027283,0.001285434683365587,0.00036447755901329706,9.423115257053348e-05,0.0032515998858717206,0.001151939555050722,0.000558692964310285,0.00048732414597165986,0.0002486264824396502,0.0037435190186269054,0.0007013119393201329,0.0007002060515225369,0.0024440316320102793
2.260089686098655,0.006882358078402774,0.01100064507750193,0.0011854563354516722,0.0012634961064549016,0.004846194890654806,0.0020381441122398493,0.0020165624161846258,0.0002169583518922287,0.0001223639661676964,0.004632700395953645,0.001176724843497663,0.002002579352967715,0.0011725314012272987,0.00038708525459846905,0.0038834258729826326,0.0006383975228410715,0.0005661430075432492,0.0032666620905364646
2.2062780269058297,0.007623436508401822,0.009502164963868642,0.0024072039449556087,0.002164999454716407,0.005447112119678165,0.002179806825267455,0.0035623980730304316,0.0003142192573447965,0.0016032158909322798,0.00706580654478357,0.0014497293683049897,0.006754581516750281,0.0022342226192139194,0.00032144134492764455,0.005004851459369455,0.000686444576727198,0.0009388851043614546,0.002420224087306077
2.1524663677130045,0.014462766660323548,0.006683852355136806,0.0035853287318764818,0.002135809865447161,0.006330480179600676,0.0018355371376460134,0.004189669550832617,0.0006180498180547179,0.0026612282179501595,0.012553289728065057,0.001829704638982845,0.01488094080438423,0.003422547230595193,0.0005524849810980102,0.004224574408116806,0.0023836496485171417,0.0031108067427926805,0.0016134270338334802
2.0986547085201797,0.015469464515071701,0.006175450549483412,0.005956890033577495,0.00312976991979734,0.0073098696999777495,0.004440498614435848,0.004617103284708098,0.001231984990023598,0.0027673294992126185,0.013089940774497074,0.0038731955729772337,0.018783618743202352,0.008245691009398521,0.0022746973595694996,0.009480106150570855,0.005225236967024857,0.006817256751603774,0.003846769415962451
2.0448430493273544,0.033318870172230015,0.0359754208001315,0.013195215448744756,0.016774413902695805,0.026657735155257555,0.026476662010583827,0.012045132009457084,0.014323088889527626,0.0013134534169415891,0.0339716170825398,0.01951191641961747,0.0152360696549575,0.03493291733280438,0.017839476130322416,0.009578044921417799,0.0071135328872435465,0.009393242716040645,0.02844783252522197
1.9910313901345293,0.06001918568881648,0.06724609629778656,0.03576302721511391,0.04969427125894516,0.04023123218074616,0.06199738201514667,0.022123554214993797,0.03626387183183508,0.013318256080474648,0.04925104733079118,0.03703333152032524,0.014563769539409221,0.05442290667704379,0.03931483085586415,0.01632153439368446,0.024998249758271435,0.030287947413918645,0.06561243686237157
1.937219730941704,0.05817396481025751,0.07021301514369914,0.050529440567797866,0.07436878404308674,0.039764008680564934,0.06953713929736063,0.020809058626085883,0.0401799043981676,0.021459515800277527,0.04876380967468902,0.03942156523908075,0.012564428234250417,0.052534988708387804,0.041215048657204,0.01305821628830525,0.028212641483317407,0.03358119548670552,0.07253570437142283
1.883408071748879,0.04045805030948216,0.04840122284373943,0.05727284075836784,0.07117691450436334,0.028840175142038776,0.04852796121789059,0.01453956581329394,0.027068159251523123,0.021703585443170293,0.029354397386230465,0.026469600194755995,0.013682539452335668,0.029436301080269883,0.027944330461632444,0.022135033607464345,0.026554410236326372,0.030547996412160584,0.05740913701945833
1.829596412556054,0.006611843676218399,0.0284266292372299,0.04575870501909102,0.03853209842010392,0.013384570655110398,0.012945580350580957,0.007115310817123715,0.005351832291466889,0.008715197221122248,0.0070172918709617785,0.009307300652036778,0.008589212998819552,0.009169919764398989,0.00729035647253251,0.017951504438358735,0.007118273525583278,0.00843829217766052,0.03404813981000551
1.7757847533632287,0.007995409467224428,0.03448550930399957,0.03892448507331399,0.014172614277755262,0.011411024015393663,0.0024979481864053025,0.00950502898790338,0.0009639885346020952,0.00046520788473594356,0.006804133335735316,0.005415531607666258,0.007337761445377258,0.006154202051998651,0.004163449226392619,0.016162227611170227,0.0011157186083659155,0.0016941691264992958,0.035536264426410044
1.7219730941704037,0.0040840338699101785,0.03446247779061554,0.03017146182813278,0.0028927273217618605,0.0058469765550728725,0.0014431030727400304,0.007531892012880162,0.001124015129913017,0.0002361644895956354,0.0033052078354480784,0.002762393234406465,0.006155614507570434,0.0026083194890633874,0.0025266790199372654,0.006843000753618958,0.0004817585717782306,0.0016514298109757408,0.032554352351885224
1.6681614349775786,0.0031352232601976,0.02376616523036876,0.02101260601915745,0.004324928283362635,0.0058121372321900105,0.0012871438361998864,0.004748454379165642,0.0008401459962830333,0.00014293292475039615,0.0033765838665639606,0.0022879094250800396,0.007724624278880026,0.0026475886836540316,0.002345302569613687,0.0046940704571977075,0.00026434284362545285,0.0008014677029565324,0.020582796718583433
1.6143497757847534,0.0036831409994880597,0.012201277647252415,0.012350335916724863,0.0044332133201396414,0.004533922104679895,0.0010832758690827809,0.002481407594431759,0.0010411215180663265,0.00014706001134731734,0.002942789075364979,0.0020550109756459394,0.006014670135378129,0.0022265215974820026,0.002292865326026183,0.004235745458852674,0.00026035800383348483,0.0006115726734403714,0.009917686706057357
1.5605381165919283,0.0051729982830618,0.006636976852465713,0.006756512654254758,0.004786781389510814,0.0014384194069998332,0.000732209038080883,0.001771650113998724,0.0007922846671875565,0.00012368692459114724,0.003173955620964768,0.0014681022086839197,0.005919614045990572,0.0012107331707515918,0.001974794943354704,0.0025130017316189073,0.0003461763552778163,0.0008214103640481291,0.005081231365938284
1.5067264573991033,0.006781444461026114,0.004514980946590174,0.0039443950110606306,0.004160772910785054,0.0007130133069823267,0.0003858198087712983,0.001152238572842604,0.0007483700971009331,0.00012469416145338377,0.003959301055462643,0.0005837047694874245,0.003188624539959033,0.0004603668374006949,0.0011007642081938048,0.0008577777371322219,0.000622843700832986,0.001407218576284385,0.0029653083844311764
1.452914798206278,0.004752478684756962,0.004233958426257172,0.003414762681370449,0.0030793218369717656,0.000866716089447323,0.00019310654204978783,0.0015369399038506375,0.0006482050441206187,0.00010724025464629787,0.0031056395361424255,0.00012785845892025884,0.0070326849190852575,0.00022198918749574367,0.0004362777970974611,0.0004762838682173014,0.000938718152043233,0.0018397639974412866,0.0030846633693931797
1.399103139013453,0.003574172964957047,0.003292129413640513,0.0025762867283696,0.002145909108852433,0.0010086729598854309,0.000212433921252032,0.0016893734071416343,0.0007487071052906599,5.6667328759680325e-05,0.002689796702482706,0.00029346024166799513,0.006715219424083707,0.00032797684680056305,0.0005156001447474013,0.00047322293920753637,0.0010715896721102622,0.0018189862128124054,0.0025967824169860535
1.345291479820628,0.0034577494502003145,0.0030896806045402395,0.0022002970368804704,0.0010133438939788455,0.001664893243582014,0.00039638617765422486,0.0013924222323393079,0.0005561947021310264,9.990909919702166e-05,0.002966125986612633,0.0007091087758116496,0.005350443045075935,0.0007694418745372165,0.0010112262210749093,0.0011753076347234268,0.0009295576809921763,0.0012716459093253154,0.00250122518467581
1.2914798206278029,0.0037433081752561285,0.0024053253748588747,0.0014361245685767603,0.002220780054860637,0.002175281278254749,0.0006765441145022352,0.001296179687487846,0.0004129350612410599,0.00013292360592925885,0.003018855808208602,0.0009737901410893097,0.0019862032841264764,0.0014211374430770842,0.0012298248274392202,0.0019109754030875166,0.0005843826643894532,0.0008451059676974971,0.0015220883906669844
1.2376681614349776,0.0025299878770065464,0.0019630647541304977,0.0014093551663647314,0.0036567653974568255,0.0016526532789406163,0.0006250869886588291,0.0014015886336876178,0.0002584650817728576,0.00015621641250573048,0.0018758456478088065,0.0008344733287330026,0.0013574160932182289,0.0013099612983688135,0.0008246983110936762,0.002122871203557953,0.0006811291177917135,0.0010315724517427664,0.0012490731886544515
1.1838565022421526,0.0008406549363781004,0.0023069076207499237,0.0014592701791327396,0.0034683421318786028,0.0007053113793339483,0.000525897781721901,0.0021064703484415205,0.0003507396411558987,0.00010074858608250507,0.0007253126669399483,0.0004722716220884302,0.0022152331338795407,0.0008118996558780178,0.0003428515131593005,0.001305868831587963,0.0005187976511413431,0.0010249068377645163,0.002107448974249229
1.1300448430493275,0.0002764556029459687,0.002639330533835029,0.002050607658452283,0.0016431713393240985,0.00010410900737410197,0.00034027993597353877,0.001968526351784137,0.0003819592184605476,5.821612551840461e-05,0.0002817127946065569,0.00033921994009271817,0.0016764631169212238,0.0001575945773850804,0.0004211724460756352,0.0005287091597929842,0.0007521744874716984,0.001267681656774369,0.0036063155624021957
1.0762331838565022,0.00020229872492401994,0.0015671995452364903,0.0023528303246808523,0.0018060414124851049,0.0005766625308267744,0.00034427118246425366,0.0011020547955094286,0.0004924068045859657,0.0002514761729711976,0.00026082350305654036,0.0004112971414069111,0.002450206552675469,0.0003720897178638261,0.0006180766574925612,0.0003022150697913855,0.0009431695062101801,0.0011968830848953474,0.003101140087929224
1.0224215246636772,0.0006198452223344252,0.0016768139368354964,0.003770182320088953,0.004832103602071212,0.0012950219330417382,0.0007604702248954194,0.0006807601820619338,0.0005696667550878067,0.00054258158955543,0.0006795895673385222,0.0005500089355814162,0.0031652195306905227,0.0012692721260028185,0.0007815959854009488,0.0008397552818292843,0.0011685361083503972,0.001511912150957114,0.003381240869167769
0.968609865470852,0.0010075379858327088,0.0017697519578299128,0.0037301738485693695,0.0049645472243371,0.0014260393103329636,0.0008305903119824561,0.0010149765966534841,0.0004668864077093913,0.0005652759321294357,0.0010245169784753366,0.0004635764687971589,0.003326624596357961,0.0015001420484041777,0.0005072937630282681,0.0011317417361268874,0.0009965435057013412,0.0015152222723711574,0.003292534938979367
0.914798206278027,0.001067188798589785,0.002605968469343262,0.0030811513157849237,0.004400970853573357,0.0009289000257653392,0.0007516188071675201,0.001764367032087742,0.00036265358451521927,0.000345097579051526,0.0008877159724119669,0.0002906122441490215,0.004008297209480846,0.0012110057444174832,0.0002947808811332036,0.00103427126289036,0.0007533570866053533,0.0015340204602769473,0.004151205749119904
0.8609865470852018,0.000848910878979828,0.0022617739413220684,0.0016392765615455657,0.0017338144761939334,0.00021325765951343243,0.000226335419706444,0.0016239268221659054,0.00017697940385992235,4.960240195345538e-05,0.0005130201892255241,0.00015431003197829106,0.0030956372511175122,0.0003622323552100305,9.516456752564552e-05,0.0004805628367756575,0.0005337562518232548,0.0011871773788182521,0.0031679399468091092
0.8071748878923767,0.000472424952098634,0.0013573099550649016,0.000853063168958265,0.001732805551081922,5.962859189036522e-05,1.8116915545346178e-05,0.0010255662862378848,0.00017663528847348703,2.134991090650277e-05,0.0001894985601975955,0.0001362440283907557,0.0027453990188588393,0.000170192653306573,1.156614138226152e-05,0.00014845978270303008,0.0005404607531205953,0.0009722940587317467,0.0015930697817319775
0.7533632286995516,0.0003550316716201299,0.0004318461350819079,0.0004259814458597774,0.0007496346981335129,7.146870711005936e-05,2.3078539906416363e-05,0.0003423382653702968,0.00011174593859753819,5.640384577098737e-05,0.0001977443006085242,0.00013546629778078968,0.0012107010713367351,0.00011081007032230687,4.520906843571694e-05,0.00011956857434450465,0.00023181421610339882,0.0004935257721928434,0.0003819626283509278
0.6995515695067265,0.00022805879539710767,0.0002035953520893257,0.0003201121041412518,0.0004221588118115801,0.0001380301496489127,2.9749767537861386e-05,0.0002382428600465272,0.00022837586495660906,0.0001076239527882605,0.00024974855797688913,0.0001142791924799802,0.000476945082390819,0.0001359476203650159,9.978689925099258e-05,0.00027187519109218275,0.00020247158325086798,0.0004991464789632234,0.0002712820124483774
0.6457399103139014,0.0002893032212529738,0.0001796838048153396,0.00017874786339388784,0.00019108751862663585,0.0003506763439471704,0.0001243363736045616,0.00041814443189152305,0.00016510281029979073,0.00013886115328276893,0.0002719507733902321,0.0002928084900753591,0.0006236564211501309,0.00026860266047299737,0.00031537968002980305,0.0004517488405752419,0.00018746479318863834,0.0005011595928765769,0.00041332261056957427
0.5919282511210763,0.0005130812515325556,0.00022946294673531622,0.0001514947047640859,0.0012324381979683236,0.00048058614379098197,0.00014033826694505308,0.0004470321933442405,0.00016292117357766535,0.00012012567901984876,0.00026656862862845735,0.00030155344542326867,0.0005386314884983873,0.000340546179244412,0.0003463042846679364,0.0004551661764125824,0.00021503625300007027,0.00045333303894090805,0.0005903564749057962
0.5381165919282511,0.00048720314307943466,0.00022915721017447883,0.00021526791406885836,0.004550296529079039,0.00041370439992603265,0.00013670262716622655,0.00034990835193401227,8.384820891088051e-05,8.886681366845026e-05,0.00017476615830624143,0.0002810223074294771,0.0006963263738765904,0.00030698420721558513,0.0003159179491862317,0.0003260817752157558,0.00015252519320052414,0.0003067927278911907,0.0005557303564201666
0.484304932735426,0.00036972782783768396,0.00031118966626722457,0.0002977900698643097,0.0059371900830267575,0.00018963599720862355,6.673526793153932e-05,0.0002548672334544114,0.0001619261371953624,7.661438414901003e-05,0.00011572755833633447,7.186205457946012e-05,0.0005059434711445649,0.00016421404056286796,0.00016966675012370484,0.00016171070884628177,7.444578933518742e-05,0.00016789730358096283,0.0004971700165203679
0.4304932735426009,0.0002368749453593269,0.00046822071729694297,0.000448064402590792,0.0048568272108279,0.00010725730394626442,4.980966787491828e-05,0.0004036483074895884,0.00036161688148747886,5.943837971432657e-05,9.52084540655176e-05,5.8272976230256444e-05,0.0005221093811046844,0.00012916292139195212,0.0001494256748408141,0.00025993692164045276,4.936566528536913e-05,0.00022098879759066244,0.0007028248328196156
0.3766816143497758,0.00034583203622099123,0.0008483672191571918,0.0006655387984576849,0.001490992397058629,0.0001845722429661886,5.762332340187565e-05,0.000669833422558866,0.0005312088196255739,3.406719796960307e-05,0.00016679814710705753,9.023798911222267e-05,0.00026495660472998316,0.00017430104724779451,0.00014836566481720093,0.00036839039681444146,7.50071224519545e-05,0.00022941493725982826,0.0010355694589295787
0.3228699551569507,0.00038891293826925157,0.0008578559499154551,0.0008816840751020806,0.0004765008871152125,0.00021861037765432916,4.4936784561569694e-05,0.0007492291743823458,0.0005450741400909063,1.1959298533521185e-05,0.00019652438834139225,0.000154621416249448,0.00042327753472435074,0.00017986947887596415,0.00011314552807106207,0.0003756186309584649,6.381693056528696e-05,0.0001669518116220688,0.0009435955007864209
0.26905829596412556,0.0002807883600013395,0.0005761787047196565,0.0008670629034916146,0.0010960011070747535,0.00016619525271436317,3.15357553519529e-05,0.000616731533912598,0.000381796892195168,1.0931458613647273e-05,0.00013656860016674928,0.00014281600806958144,0.0004299614274842992,0.0001258177310839706,6.136876658490802e-05,0.00022690958164639193,4.926709696797658e-05,7.52141389174146e-05,0.0005030330474524121
0.21524663677130046,0.00011913862388849483,0.00021518552402040897,0.0006180925537978272,0.0011603534282063092,7.447225758926372e-05,1.3406586296826567e-05,0.00040491461797342746,0.00016654637618256757,8.863018287864976e-06,4.956031528433113e-05,8.60584824101487e-05,0.0004003227451554783,4.188783868903386e-05,3.6313929922303e-05,7.71891909708956e-05,3.0119096993335334e-05,4.511175450425371e-05,0.00020536051175126053
0.16143497757847536,4.4558278840762765e-05,0.00013113982566943322,0.00029390137235395974,0.0007758128077803904,1.0597954488451805e-05,7.229083784886474e-07,0.00021346830332624273,7.145538095209067e-05,1.491042207380322e-06,8.663234657288712e-06,1.5580399321859887e-05,0.0001314663229459506,6.650720130366976e-06,5.411707431347384e-06,1.1878100774761935e-05,2.4066277396288804e-05,2.7729455570007386e-05,0.00010472269315455625
0.10762331838565023,2.8157096945245036e-05,0.00010645518204483461,6.773958609497024e-05,9.867323855121987e-05,2.814645214295263e-06,8.858645825887925e-06,6.579654956400995e-05,2.63479564563707e-05,3.1206739136473743e-06,2.87757048249182e-06,1.3674346170126862e-05,3.162793083663089e-05,8.837523605658902e-06,8.613762779734726e-06,5.210068028517239e-06,4.8895995031102454e-05,4.408078839069552e-05,9.986932907324203e-05
